makeId,modelId,makeName,usage,year,IDV_Category,Price,modelName
20064,21073,Hyundai,New,2019,I,13767.0,Entourage
20064,30263,Hyundai,New,2019,I,13767.0,GenesisCoupe
20030,21466,Mitsubishi,New,2017,I,12580.0,Mirage
20053,47275,Chevrolet,New,2019,I,14103.2314,Spark
20012,20991,Dodge,New,2016,I,14595.0,Dart
20030,21466,Mitsubishi,New,2018,I,14610.0,Mirage
20064,22317,Hyundai,New,2019,I,13767.0,XG350
20068,56687,Kia,Used,2016,I,14845.4167,SoulEV
20012,20991,Dodge,Used,2013,I,8509.8333,Dart
20005,20406,BMW,Used,2014,I,14786.3333,320
20088,22101,Toyota,Used,2014,I,14995.0,Sienna
20008,22191,Chrysler,Used,2014,I,12342.0,TownCountry
20015,21050,Ford,Used,2014,I,14388.9286,0
20060,53260,FIAT,Used,2015,I,10076.8276,500e
20006,46183,Buick,Used,2017,I,14320.6667,Verano
20017,21128,Honda,Used,2015,I,13119.5,Fit
20068,56687,Kia,Used,2016,I,14279.1818,SoulEV
20030,21368,Mitsubishi,Used,2013,I,9008.0,LancerSportback
20075,51887,MINI,Used,2013,I,12616.7931,Paceman
20068,40463,Kia,Used,2013,I,10271.6923,OptimaHybrid
20077,52109,Nissan,Used,2015,I,8498.4643,VersaNote
20068,21828,Kia,Used,2018,I,11979.4118,Rio
20060,51868,FIAT,Used,2016,I,12987.0,500L
20089,21758,Volkswagen,Used,2015,I,11956.0,Passat
20053,30019417,Chevrolet,Used,2016,I,11784.6815,CruzeLimited
20005,20496,BMW,Used,2013,I,14482.0,528
20015,57387,Ford,Used,2014,I,8702.5,SedanPoliceInterceptor
20041,21165,Subaru,Used,2015,I,14598.7083,Forester
20012,20663,Dodge,Used,2013,I,8270.5217,Avenger
20053,42324,Chevrolet,Used,2015,I,8995.0,Sonic
20068,21828,Kia,Used,2015,I,11498.0,Rio
20085,35969,Scion,Used,2014,I,9657.5,iQ
20053,42324,Chevrolet,Used,2014,I,7821.8571,Sonic
20015,22164,Ford,Used,2013,I,10622.8,Taurus
20075,51887,MINI,Used,2014,I,12993.0645,Paceman
20053,47275,Chevrolet,Used,2017,I,10334.0,Spark
20075,51005,MINI,Used,2013,I,13697.5,Convertible
20021,21766,Jeep,Used,2014,I,10291.8636,Patriot
20001,21831,Acura,Used,2013,I,14864.5,RDX
20053,47275,Chevrolet,Used,2013,I,6509.4,Spark
20015,48704,Ford,Used,2013,I,14756.92,FocusST
20089,21758,Volkswagen,Used,2016,I,14415.3333,Passat
20077,52109,Nissan,Used,2018,I,13574.1667,VersaNote
20068,21970,Kia,Used,2014,I,10967.0,Sedona
20044,22380,Volvo,Used,2013,I,13930.25,XC90
20008,20303,Chrysler,Used,2017,I,14488.5,200
20015,42464,Ford,Used,2016,I,12707.88,FocusElectric
20077,35967,Nissan,Used,2014,I,11761.5862,Juke
20089,21242,Volkswagen,Used,2013,I,10981.2857,Golf
20077,52109,Nissan,Used,2017,I,10796.3492,VersaNote
20042,21893,Suzuki,Used,2013,I,8510.5,SX4
20077,56530,Nissan,Used,2015,I,13515.2857,RogueSelect
20068,21828,Kia,Used,2014,I,8423.0,Rio
20006,21878,Buick,Used,2015,I,14659.0,Regal
20089,47568,Volkswagen,Used,2016,I,13808.4,JettaHybrid
20064,20605,Hyundai,Used,2019,I,14886.5,Accent
20021,21766,Jeep,Used,2015,I,14943.0,Patriot
20089,21758,Volkswagen,Used,2013,I,11163.3125,Passat
20077,56530,Nissan,Used,2014,I,12997.0,RogueSelect
20053,21291,Chevrolet,Used,2014,I,11956.0,Impala
20030,45843,Mitsubishi,Used,2016,I,10998.0,iMiEV
20008,20303,Chrysler,Used,2016,I,13944.5,200
20060,43523,FIAT,Used,2015,I,13430.7059,500C
20073,20788,Mazda,Used,2015,I,14938.5,CX9
20089,47568,Volkswagen,Used,2013,I,8936.2727,JettaHybrid
20075,36083,MINI,Used,2014,I,13147.9286,Countryman
20070,35964,Lexus,Used,2013,I,14762.3,CT200h
20041,21378,Subaru,Used,2015,I,13060.5,Legacy
20053,49403,Chevrolet,Used,2013,I,9170.8889,CaptivaSport
20015,42464,Ford,Used,2015,I,11362.1429,FocusElectric
20077,52109,Nissan,Used,2018,I,12336.5,VersaNote
20015,42464,Ford,Used,2015,I,11450.0,FocusElectric
20017,20848,Honda,Used,2015,I,13199.5,CivicHybrid
20088,47567,Toyota,Used,2013,I,10944.7333,Priusc
20089,27321,Volkswagen,Used,2013,I,11788.4426,CC
20085,30003493,Scion,Used,2016,I,13428.2416,iM
20077,52670,Nissan,Used,2014,I,7981.6667,0
20085,22341,Scion,Used,2013,I,8099.6154,xD
20089,21242,Volkswagen,Used,2016,I,14115.7333,Golf
20041,21295,Subaru,Used,2013,I,11392.75,Impreza
20088,22331,Toyota,Used,2018,I,14900.0,Yaris
20077,35968,Nissan,Used,2014,I,9051.5,Leaf
20077,22274,Nissan,Used,2019,I,11496.0,Versa
20015,49085,Ford,Used,2013,I,9353.2051,CMaxHybrid
20089,50644,Volkswagen,Used,2014,I,11613.0385,JettaSportWagen
20030,21361,Mitsubishi,Used,2013,I,7848.25,Lancer
20075,21834,MINI,Used,2013,I,12328.4444,Roadster
20030,21368,Mitsubishi,Used,2014,I,8897.5,LancerSportback
20030,21361,Mitsubishi,Used,2014,I,9777.1429,Lancer
20077,52109,Nissan,Used,2016,I,9713.2,VersaNote
20060,51868,FIAT,Used,2019,I,14950.0,500L
20006,46183,Buick,Used,2013,I,10522.5625,Verano
20030,34227059,Mitsubishi,Used,2017,I,8534.7778,MirageG4
20228,21164,smart,Used,2017,I,14403.5263,ForTwo
20085,35969,Scion,Used,2013,I,8873.0769,iQ
20077,52670,Nissan,Used,2015,I,11667.7692,0
20077,28283,Nissan,Used,2013,I,8167.5,Cube
20088,22331,Toyota,Used,2017,I,13518.0,Yaris
20064,20605,Hyundai,Used,2018,I,14015.3333,Accent
20053,35025,Chevrolet,Used,2014,I,10408.0,Volt
20015,21105,Ford,Used,2014,I,14000.0,Explorer
20088,20658,Toyota,Used,2013,I,13530.0,Avalon
20017,35363,Honda,Used,2014,I,13247.5,CRZ
20006,21878,Buick,Used,2013,I,10325.0,Regal
20060,20483,FIAT,Used,2015,I,10234.25,500
20075,51006,MINI,Used,2015,I,12959.4375,Hardtop
20068,21828,Kia,Used,2018,I,12418.5,Rio
20085,22402,Scion,Used,2013,I,10046.1818,xB
20077,21764,Nissan,Used,2014,I,14535.2857,Quest
20015,30032338,Ford,Used,2016,I,14767.3667,UtilityPoliceInterceptor
20068,21828,Kia,Used,2017,I,11193.9,Rio
20077,35967,Nissan,Used,2014,I,13951.5,Juke
20073,21447,Mazda,Used,2014,I,12205.2,Mazda6
20077,35967,Nissan,Used,2013,I,10777.7333,Juke
20228,21164,smart,Used,2016,I,11853.0141,ForTwo
20005,20406,BMW,Used,2013,I,13042.6667,320
20030,34227059,Mitsubishi,Used,2018,I,11491.0,MirageG4
20060,51868,FIAT,Used,2014,I,9927.6154,500L
20053,42324,Chevrolet,Used,2015,I,9116.6667,Sonic
20077,35968,Nissan,Used,2017,I,14880.0,Leaf
20075,20891,MINI,Used,2014,I,13956.2737,Coupe
20053,57447,Chevrolet,Used,2015,I,14467.5,CityExpress
20088,20658,Toyota,Used,2014,I,14915.0,Avalon
20053,49403,Chevrolet,Used,2014,I,10630.0649,CaptivaSport
20075,20891,MINI,Used,2013,I,11691.1667,Coupe
20001,48964,Acura,Used,2014,I,13039.6667,ILXHybrid
20089,43344,Volkswagen,Used,2013,I,11265.7778,Beetle
20053,53187,Chevrolet,Used,2015,I,10207.125,SparkEV
20077,35968,Nissan,Used,2016,I,13348.5,Leaf
20075,38203,MINI,Used,2013,I,10664.0,Clubman
20089,21896,Volkswagen,Used,2014,I,12253.5714,Routan
20015,21138,Ford,Used,2015,I,9514.4211,Focus
20068,21828,Kia,Used,2013,I,7073.0,Rio
20017,20848,Honda,Used,2015,I,14610.3784,CivicHybrid
20088,35084961,Toyota,Used,2018,I,13500.3592,YarisiA
20017,35363,Honda,Used,2016,I,14560.6364,CRZ
20015,57387,Ford,Used,2013,I,7791.7419,SedanPoliceInterceptor
20053,35025,Chevrolet,Used,2015,I,13993.1,Volt
20053,53187,Chevrolet,Used,2014,I,8694.4364,SparkEV
20088,35084961,Toyota,Used,2018,I,14254.3889,YarisiA
20060,20483,FIAT,Used,2015,I,11000.0,500
20089,43344,Volkswagen,Used,2014,I,14241.0,Beetle
20089,21758,Volkswagen,Used,2015,I,12474.5294,Passat
20064,39583,Hyundai,Used,2014,I,12772.5,SonataHybrid
20053,35025,Chevrolet,Used,2014,I,12100.2727,Volt
20089,50644,Volkswagen,Used,2013,I,11790.3,JettaSportWagen
20077,22274,Nissan,Used,2018,I,10679.0,Versa
44763,45303,RAM,Used,2013,I,8056.5926,Cargo
20044,22379,Volvo,Used,2014,I,13462.3333,XC60
20060,53260,FIAT,Used,2016,I,9824.4824,500e
20068,40463,Kia,Used,2015,I,14132.3125,OptimaHybrid
20001,58167,Acura,Used,2014,I,13950.0,RLXSportHybrid
20085,22341,Scion,Used,2014,I,11592.9216,xD
20012,20663,Dodge,Used,2014,I,9439.7833,Avenger
20060,51868,FIAT,Used,2014,I,8786.5,500L
20228,42803,smart,Used,2016,I,7050.8143,ForTwoElectricDrive
20025,27841,Lincoln,Used,2014,I,14556.2857,MKT
20025,38163,Lincoln,Used,2014,I,13809.0,MKZHybrid
20049,20596,Audi,Used,2013,I,12120.0,A4
20077,35967,Nissan,Used,2016,I,14650.0588,Juke
20089,21758,Volkswagen,Used,2017,I,14721.6667,Passat
20060,43523,FIAT,Used,2017,I,14292.6,500C
20030,21466,Mitsubishi,Used,2014,I,5977.4444,Mirage
20075,20891,MINI,Used,2015,I,12039.5556,Coupe
20060,51868,FIAT,Used,2015,I,11165.1111,500L
20073,35965,Mazda,Used,2014,I,6987.36,Mazda2
20025,21404,Lincoln,Used,2014,I,9250.0,MKZ
20077,35967,Nissan,Used,2015,I,14179.3667,Juke
20015,49085,Ford,Used,2014,I,9395.8462,CMaxHybrid
20044,21916,Volvo,Used,2013,I,11978.6,S60
20006,46183,Buick,Used,2014,I,11103.0,Verano
20077,22274,Nissan,Used,2017,I,9383.45,Versa
20015,42464,Ford,Used,2014,I,10224.012,FocusElectric
20001,47843,Acura,Used,2013,I,11985.0,ILX
20053,57087,Chevrolet,Used,2016,I,13246.2817,ImpalaLimited
20044,20749,Volvo,Used,2013,I,14766.7143,C30
44763,45303,RAM,Used,2014,I,8775.5952,Cargo
20060,20483,FIAT,Used,2016,I,10691.8889,500
20006,21878,Buick,Used,2014,I,12850.2857,Regal
20017,21128,Honda,Used,2013,I,8980.3333,Fit
20053,57087,Chevrolet,Used,2014,I,10327.5556,ImpalaLimited
20089,21758,Volkswagen,Used,2014,I,13696.75,Passat
20077,56530,Nissan,Used,2015,I,13133.8454,RogueSelect
20008,22191,Chrysler,Used,2013,I,11718.5263,TownCountry
20088,22331,Toyota,Used,2016,I,11498.8333,Yaris
20006,46183,Buick,Used,2015,I,13650.0,Verano
20075,51006,MINI,Used,2014,I,13243.4,Hardtop
20015,21136,Ford,Used,2014,I,14539.25,Flex
20015,50243,Ford,Used,2014,I,11348.7143,CMaxEnergi
20064,42323,Hyundai,Used,2013,I,9804.3333,Veloster
20053,42324,Chevrolet,Used,2017,I,11294.1111,Sonic
20041,21165,Subaru,Used,2013,I,12289.8,Forester
20088,22331,Toyota,Used,2015,I,11032.0,Yaris
20041,21295,Subaru,Used,2015,I,11192.5,Impreza
20068,21828,Kia,Used,2017,I,11000.0,Rio
20077,28283,Nissan,Used,2014,I,9405.875,Cube
20015,21138,Ford,Used,2013,I,6924.2,Focus
20030,34227059,Mitsubishi,Used,2019,I,12097.6667,MirageG4
20089,21758,Volkswagen,Used,2014,I,11264.1364,Passat
20073,21447,Mazda,Used,2013,I,9498.0,Mazda6
20068,32883,Kia,Used,2014,I,10624.3636,ForteKoup
20017,34743,Honda,Used,2013,I,14963.7727,Crosstour
20060,53260,FIAT,Used,2017,I,12320.1667,500e
20089,21242,Volkswagen,Used,2015,I,13450.7895,Golf
20077,56530,Nissan,Used,2014,I,11662.16,RogueSelect
20001,48964,Acura,Used,2013,I,12679.6667,ILXHybrid
20053,47275,Chevrolet,Used,2015,I,7542.5556,Spark
20085,22402,Scion,Used,2014,I,11005.0667,xB
20228,42803,smart,Used,2013,I,6470.0,ForTwoElectricDrive
20053,49403,Chevrolet,Used,2015,I,11913.9474,CaptivaSport
20077,21764,Nissan,Used,2016,I,14425.7778,Quest
20077,52670,Nissan,Used,2014,I,7981.6667,NV200
20064,49764,Hyundai,Used,2014,I,11187.1667,ElantraGT
20077,22274,Nissan,Used,2015,I,8000.0,Versa
20005,20444,BMW,Used,2013,I,13806.9474,328
20068,32883,Kia,Used,2013,I,8839.3421,ForteKoup
20073,21488,Mazda,Used,2013,I,9818.6667,Mazda5
20053,35025,Chevrolet,Used,2013,I,11815.8462,Volt
20088,50903,Toyota,Used,2013,I,14748.2,RAV4EV
20068,21828,Kia,Used,2015,I,8959.6,Rio
20077,35968,Nissan,Used,2016,I,13323.3333,Leaf
20089,50644,Volkswagen,Used,2013,I,10931.7447,JettaSportWagen
20068,56687,Kia,Used,2015,I,12632.8571,SoulEV
20015,27661,Ford,Used,2016,I,13033.0,FusionHybrid
20053,49403,Chevrolet,Used,2015,I,10500.0,CaptivaSport
20017,35363,Honda,Used,2014,I,11818.8571,CRZ
20064,50643,Hyundai,Used,2014,I,13733.9286,SantaFeSport
20015,26506,Ford,Used,2013,I,14949.4074,0
20088,22331,Toyota,Used,2014,I,8074.5,Yaris
20012,20991,Dodge,Used,2014,I,10233.6667,Dart
20088,47567,Toyota,Used,2014,I,12636.5714,Priusc
20017,21128,Honda,Used,2016,I,12713.75,Fit
20017,20848,Honda,Used,2014,I,12702.0,CivicHybrid
20089,21242,Volkswagen,Used,2016,I,14178.5,Golf
20060,20483,FIAT,Used,2014,I,7087.6667,500
20012,21249,Dodge,New,2019,II,28092.9825,GrandCaravan
20075,36083,MINI,Used,2013,I,12342.6667,Countryman
20077,35968,Nissan,Used,2015,I,9406.0,Leaf
20017,35363,Honda,Used,2016,I,14597.5,CRZ
20008,20303,Chrysler,Used,2017,I,14614.9231,200
20073,21492,Mazda,Used,2013,I,13845.5862,MazdaSpeed3
20068,21828,Kia,Used,2016,I,9502.4,Rio
20088,47567,Toyota,Used,2016,I,14933.3421,Priusc
20073,21488,Mazda,Used,2015,I,12087.8571,Mazda5
20088,35084961,Toyota,Used,2017,I,13587.6364,YarisiA
20053,30028443,Chevrolet,Used,2016,I,13450.1707,MalibuLimited
20030,21466,Mitsubishi,Used,2015,I,7288.9286,Mirage
20089,56107,Volkswagen,Used,2016,I,12950.1964,eGolf
20060,20483,FIAT,Used,2018,I,13100.0,500
20228,42803,smart,Used,2015,I,6580.8148,ForTwoElectricDrive
20089,30003099,Volkswagen,Used,2016,I,14429.9048,GolfSportWagen
20073,21447,Mazda,Used,2015,I,12782.0,Mazda6
20089,27321,Volkswagen,Used,2014,I,12335.3929,CC
20077,40403,Nissan,Used,2014,I,14473.75,MuranoCrossCabriolet
20041,48265,Subaru,Used,2013,I,14336.0638,XVCrosstrek
20017,35363,Honda,Used,2015,I,11978.0,CRZ
20089,43344,Volkswagen,Used,2014,I,12844.875,Beetle
20019,36428714,INFINITI,Used,2013,I,14957.1148,NAME
20001,22248,Acura,Used,2013,I,13799.6667,TSX
20088,22101,Toyota,Used,2017,I,14999.0,Sienna
20064,39583,Hyundai,Used,2015,I,12596.8824,SonataHybrid
20077,35968,Nissan,Used,2017,I,14566.25,Leaf
20088,20774,Toyota,Used,2014,I,14142.5,CamryHybrid
20089,21183,Volkswagen,Used,2014,I,12877.4,GTI
20077,35967,Nissan,Used,2013,I,10495.0,Juke
20075,38203,MINI,Used,2014,I,11051.0,Clubman
20021,21766,Jeep,Used,2016,I,14983.2857,Patriot
20015,49085,Ford,Used,2015,I,12559.5,CMaxHybrid
20053,30028443,Chevrolet,Used,2016,I,14921.8125,MalibuLimited
20064,21221,Hyundai,Used,2013,I,12473.8,Genesis
20089,21758,Volkswagen,Used,2013,I,12870.0,Passat
20053,57447,Chevrolet,Used,2016,I,11783.875,CityExpress
20077,52109,Nissan,Used,2019,I,14896.0,VersaNote
20085,22401,Scion,Used,2014,I,11283.7,tC
20089,43344,Volkswagen,Used,2017,I,14679.0,Beetle
20068,56687,Kia,Used,2015,I,12146.0,SoulEV
20073,35965,Mazda,Used,2013,I,6521.7692,Mazda2
20021,21766,Jeep,Used,2017,I,14125.0833,Patriot
20077,35968,Nissan,Used,2013,I,8062.0,Leaf
20064,42323,Hyundai,Used,2015,I,12056.9091,Veloster
20077,52109,Nissan,Used,2016,I,9270.0,VersaNote
20068,40463,Kia,Used,2014,I,12102.0,OptimaHybrid
20042,34643,Suzuki,Used,2013,I,5300.0,Kizashi
20025,21403,Lincoln,Used,2013,I,14640.9149,MKS
20012,20663,Dodge,Used,2014,I,11545.5,Avenger
20228,42803,smart,Used,2014,I,6097.5,ForTwoElectricDrive
20089,21242,Volkswagen,Used,2015,I,13547.0,Golf
20015,49085,Ford,Used,2016,I,13916.566,CMaxHybrid
20017,20848,Honda,Used,2013,I,11556.9412,CivicHybrid
20060,58488,FIAT,New,2019,II,25676.4286,500X
20068,21740,Kia,New,2018,II,24531.6667,Optima
20053,21900,Chevrolet,New,2019,II,17230.0,S10
20060,20483,FIAT,New,2019,II,19337.9524,500
20006,36321969,Buick,New,2019,II,29872.1974,RegalSportback
20068,21828,Kia,New,2019,II,16243.088,Rio
20068,22084,Kia,New,2018,II,26728.3333,Sorento
20030,34227059,Mitsubishi,New,2018,II,18736.4,MirageG4
20060,53260,FIAT,New,2018,II,25070.25,500e
20073,21460,Mazda,New,2018,II,29006.1,MX5Miata
20017,20823,Honda,New,2018,II,21853.0,Civic
20015,27661,Ford,New,2018,II,25841.3,FusionHybrid
20077,52670,Nissan,New,2019,II,23458.7206,0
20017,20823,Honda,New,2019,II,22938.7207,Civic
20073,30000208,Mazda,New,2018,II,27655.0,CX3
20088,35084748,Toyota,New,2018,II,20011.0,CorollaiM
20089,30003099,Volkswagen,New,2019,II,27241.0,GolfSportWagen
20077,52670,Nissan,New,2018,II,25295.0,NV200
20053,21065,Chevrolet,New,2020,II,29837.2927,Equinox
20021,20864,Jeep,New,2019,II,25954.3787,Compass
20089,43344,Volkswagen,New,2018,II,28999.0,Beetle
20089,35864320,Volkswagen,New,2019,II,29568.0935,GolfAlltrack
20088,22358,Toyota,New,2019,II,17066.0,Venza
20053,21413,Chevrolet,New,2019,II,23756.6415,Malibu
20015,36284899,Ford,New,2018,II,23602.3125,EcoSport
20064,49764,Hyundai,New,2019,II,21962.193,ElantraGT
20064,21053,Hyundai,New,2019,II,18833.2778,Elantra
20077,52187,Nissan,New,2018,II,28971.2,NAME
20053,21413,Chevrolet,New,2018,II,24843.5,Malibu
20068,28323,Kia,New,2019,II,19812.9833,Forte
20068,33910101,Kia,New,2019,II,26721.3354,Niro
20064,36301312,Hyundai,New,2019,II,26036.3125,IoniqHybrid
20015,28203,Ford,New,2019,II,24244.3836,TransitConnect
20060,33484310,FIAT,New,2019,II,29914.506,124Spider
20053,30028443,Chevrolet,New,2019,II,17230.0,MalibuLimited
20068,22095,Kia,New,2020,II,27247.3667,Sportage
20088,36417341,Toyota,New,2019,II,22744.9943,CorollaHatchback
20015,21146,Ford,New,2019,II,16473.875,Fiesta
20064,20605,Hyundai,New,2019,II,16879.3361,Accent
20053,20277,Chevrolet,New,2019,II,17230.0,1500
20068,27761,Kia,New,2019,II,20974.25,Soul
20053,35026,Chevrolet,New,2019,II,20038.975,Cruze
20068,40463,Kia,New,2018,II,25200.1667,OptimaHybrid
20006,36321969,Buick,New,2018,II,28003.0588,RegalSportback
20053,57328,Chevrolet,New,2018,II,25885.0,Trax
20015,21088,Ford,New,2019,II,26512.3167,Escape
20053,42324,Chevrolet,New,2018,II,19841.0,Sonic
20068,21828,Kia,New,2018,II,16201.3333,Rio
20053,57328,Chevrolet,New,2019,II,20972.8588,Trax
20015,28203,Ford,New,2020,II,26551.3125,TransitConnect
20064,36362537,Hyundai,New,2019,II,23024.9186,Kona
20030,36362434,Mitsubishi,New,2020,II,27998.0,EclipseCross
20077,20626,Nissan,New,2020,II,26241.6667,Altima
20053,21065,Chevrolet,New,2019,II,27109.2857,Equinox
20088,36273890,Toyota,New,2019,II,29756.6989,PriusPrime
20017,36586990,Honda,New,2019,II,25001.6951,CivicSi
20064,36301312,Hyundai,New,2018,II,26095.0,IoniqHybrid
20073,21446,Mazda,New,2018,II,26125.0,Mazda3
20073,21447,Mazda,New,2019,II,28041.5146,Mazda6
44763,30000373,RAM,New,2018,II,23616.2,ProMasterCity
20064,42323,Hyundai,New,2020,II,22471.6667,Veloster
20064,21899,Hyundai,New,2020,II,28576.8235,SantaFe
20060,51868,FIAT,New,2019,II,21721.5538,500L
20088,36283124,Toyota,New,2019,II,24013.812,CHR
20060,43523,FIAT,New,2018,II,21938.7778,500C
20015,28203,Ford,New,2017,II,27135.0,TransitConnect
20015,21712,Ford,New,2018,II,29455.0,Mustang
20089,22265,Volkswagen,New,2019,II,29109.2389,Tiguan
20053,21413,Chevrolet,New,2020,II,25289.6667,Malibu
20017,35363,Honda,New,2016,II,23625.0,CRZ
20077,20626,Nissan,New,2019,II,27319.1667,Altima
20064,22146,Hyundai,New,2018,II,24863.0,Sonata
20001,47843,Acura,New,2019,II,28367.2289,ILX
20053,22345,Chevrolet,New,2019,II,17230.0,Uplander
20064,20605,Hyundai,New,2020,II,17726.5,Accent
20053,27361,Chevrolet,New,2019,II,27293.1087,MalibuHybrid
20060,51868,FIAT,New,2018,II,20084.3333,500L
20012,21249,Dodge,New,2018,II,29078.5714,GrandCaravan
20064,20605,Hyundai,New,2018,II,19555.0,Accent
20089,36714179,Volkswagen,New,2019,II,26534.8722,JettaGLI
20073,30000208,Mazda,New,2019,II,23707.6233,CX3
20030,35966,Mitsubishi,New,2019,II,22093.7386,OutlanderSport
20015,28203,Ford,New,2018,II,26925.0,TransitConnect
20073,21490,Mazda,New,2017,II,19730.0,MazdaSpeedMiataMX5
20088,20861,Toyota,New,2020,II,22253.2092,Corolla
20064,22302,Hyundai,New,2019,II,24054.9611,Tucson
20064,39583,Hyundai,New,2018,II,24489.75,SonataHybrid
44763,30000373,RAM,New,2019,II,24457.275,ProMasterCity
20021,20864,Jeep,New,2018,II,26438.7273,Compass
20068,22095,Kia,New,2019,II,24590.8148,Sportage
20053,35026,Chevrolet,New,2018,II,23437.1429,Cruze
20053,57447,Chevrolet,New,2016,II,23075.3333,CityExpress
20077,22274,Nissan,New,2019,II,15964.3906,Versa
20077,36363005,Nissan,New,2018,II,20599.0,Kicks
20089,21242,Volkswagen,New,2019,II,25506.4783,Golf
20053,21065,Chevrolet,New,2018,II,26509.0,Equinox
20053,57447,Chevrolet,New,2017,II,20008.8333,CityExpress
20060,51868,FIAT,New,2016,II,21995.0,500L
20089,21758,Volkswagen,New,2018,II,26853.0,Passat
20077,21775,Nissan,New,2019,II,15490.0,Pickup
20089,27321,Volkswagen,New,2017,II,29779.0,CC
20060,53260,FIAT,New,2019,II,28025.8148,500e
20041,30031770,Subaru,New,2019,II,27060.8961,Crosstrek
20088,47567,Toyota,New,2018,II,21955.2,Priusc
20015,36284899,Ford,New,2019,II,22361.6585,EcoSport
20077,21145,Nissan,New,2019,II,27288.0455,Frontier
20021,56807,Jeep,New,2019,II,24097.3824,Renegade
20088,36620337,Toyota,New,2020,II,23619.1833,CorollaHybrid
20068,22095,Kia,New,2018,II,25752.6667,Sportage
20015,21138,Ford,New,2018,II,20170.0556,Focus
20053,22353,Chevrolet,New,2019,II,17230.0,NAME
20015,21175,Ford,New,2018,II,20662.5,Fusion
20015,21146,Ford,New,2018,II,17498.5833,Fiesta
20006,21071,Buick,New,2019,II,24136.9441,Encore
20073,21446,Mazda,New,2017,II,19730.0,Mazda3
20077,36293534,Nissan,New,2018,II,22844.0,RogueSport
20021,20814,Jeep,New,2019,II,27170.45,Cherokee
20060,33484310,FIAT,New,2017,II,23983.0,124Spider
20017,21300,Honda,New,2020,II,29270.0,Insight
20073,21446,Mazda,New,2019,II,25356.5028,Mazda3
20030,21742,Mitsubishi,New,2019,II,26065.7159,Outlander
20044,56208,Volvo,New,2017,II,29989.0,V60
20077,28283,Nissan,New,2019,II,15490.0,Cube
20089,21285,Volkswagen,New,2019,II,21924.6722,Jetta
20021,56807,Jeep,New,2018,II,22327.0,Renegade
20053,57447,Chevrolet,New,2015,II,23640.0,CityExpress
20077,52670,Nissan,New,2018,II,25295.0,0
20089,35864320,Volkswagen,New,2017,II,24998.0,GolfAlltrack
20030,34227059,Mitsubishi,New,2019,II,16238.1233,MirageG4
20060,58488,FIAT,New,2018,II,20929.6,500X
20064,36372410,Hyundai,New,2019,II,28713.5868,IoniqPlugInHybrid
20088,22331,Toyota,New,2018,II,17671.0,Yaris
20228,42803,smart,New,2018,II,27267.619,ForTwoElectricDrive
20041,21378,Subaru,New,2019,II,29162.6788,Legacy
20068,21740,Kia,New,2019,II,23613.1299,Optima
20017,21300,Honda,New,2019,II,25478.3575,Insight
20077,21894,Nissan,New,2019,II,27003.2222,Rogue
20088,36444091,Toyota,New,2019,II,17690.3758,YarisSedan
20053,27361,Chevrolet,New,2018,II,29317.8235,MalibuHybrid
20077,30033647,Nissan,New,2019,II,24464.4186,RogueHybrid
20030,35966,Mitsubishi,New,2018,II,24563.75,OutlanderSport
20077,36293534,Nissan,New,2019,II,24835.0281,RogueSport
20030,21466,Mitsubishi,New,2019,II,15291.95,Mirage
20077,36363005,Nissan,New,2019,II,20580.2111,Kicks
20060,58488,FIAT,New,2017,II,22812.0,500X
20089,30003099,Volkswagen,New,2018,II,28635.0,GolfSportWagen
20064,42323,Hyundai,New,2019,II,22842.2895,Veloster
20064,39583,Hyundai,New,2019,II,26329.7541,SonataHybrid
20088,35084961,Toyota,New,2018,II,18172.6667,YarisiA
20068,32883,Kia,New,2016,II,23820.0,ForteKoup
20088,20800,Toyota,New,2019,II,27099.1833,Camry
20068,40463,Kia,New,2019,II,29394.3333,OptimaHybrid
20017,20606,Honda,New,2019,II,27356.25,Accord
20088,21751,Toyota,New,2019,II,28115.2123,Prius
20053,21413,Chevrolet,New,2017,II,29988.0,Malibu
20088,20861,Toyota,New,2019,II,23079.8889,Corolla
20077,52109,Nissan,New,2018,II,15142.0,VersaNote
20088,34172170,Toyota,New,2018,II,28834.6667,86
20077,21931,Nissan,New,2018,II,20045.0,Sentra
20041,21295,Subaru,New,2019,II,24538.6853,Impreza
20053,47275,Chevrolet,New,2020,II,16451.3333,Spark
20015,21175,Ford,New,2019,II,22644.1461,Fusion
20017,30000212,Honda,New,2019,II,25251.65,HRV
20060,20483,FIAT,New,2018,II,17675.3,500
20012,21286,Dodge,New,2019,II,24046.1429,Journey
20089,43344,Volkswagen,New,2019,II,26411.48,Beetle
20077,52109,Nissan,New,2019,II,16478.9286,VersaNote
20053,57328,Chevrolet,New,2020,II,22089.2222,Trax
20077,52670,Nissan,New,2019,II,23517.7481,NV200
20088,47567,Toyota,New,2019,II,22931.4286,Priusc
20064,36744667,Hyundai,New,2020,II,23220.2895,VelosterN
20228,36713267,smart,New,2019,II,27021.3636,EQForTwo
20089,21758,Volkswagen,New,2019,II,23888.6111,Passat
20008,20388,Chrysler,New,2019,II,28998.6167,300
20017,36385409,Honda,New,2019,II,25442.5714,ClarityElectric
20068,27761,Kia,New,2020,II,20973.2976,Soul
20089,21242,Volkswagen,New,2018,II,23180.0,Golf
20064,49764,Hyundai,New,2018,II,24203.0769,ElantraGT
20077,21931,Nissan,New,2019,II,18505.838,Sentra
20019,36428720,INFINITI,Used,2013,II,16719.375,NAME
20041,30031770,Subaru,Used,2018,II,26499.0,Crosstrek
20075,51005,MINI,Used,2015,II,17671.2857,Convertible
20006,21355,Buick,Used,2014,II,15310.625,LaCrosse
20017,20611,Honda,Used,2017,II,20002.4167,AccordHybrid
20049,21914,Audi,Used,2014,II,27328.5,S5
20077,21764,Nissan,Used,2015,II,20588.25,Quest
20005,57268,BMW,Used,2016,II,24162.1795,428GranCoupe
20015,22164,Ford,Used,2017,II,18174.0714,Taurus
20041,50683,Subaru,Used,2016,II,24070.2632,WRX
20021,22306,Jeep,Used,2019,II,28450.0,Wrangler
20049,20593,Audi,Used,2017,II,28475.0,A5
20005,20434,BMW,Used,2015,II,22788.2927,428
20012,20807,Dodge,Used,2019,II,21994.0,Challenger
20053,26504,Chevrolet,Used,2018,II,23872.0,Express2500
20019,52654,INFINITI,Used,2014,II,17319.4348,NAME
20075,51006,MINI,Used,2018,II,20140.0,Hardtop
20005,22310,BMW,Used,2015,II,18667.0,0
20049,20598,Audi,Used,2016,II,23462.413,A6
20006,21878,Buick,Used,2016,II,16840.7015,Regal
20053,42324,Chevrolet,Used,2019,II,17495.0,Sonic
20061,20778,GMC,Used,2016,II,22710.4,Canyon
20021,22306,Jeep,Used,2016,II,26992.0,Wrangler
20049,56290,Audi,Used,2015,II,19863.6,Q3
20005,54807,BMW,Used,2015,II,27017.7097,435
20006,21878,Buick,Used,2018,II,19200.0,Regal
20070,27664,Lexus,Used,2015,II,29081.0,RX450h
20015,26507,Ford,Used,2014,II,17735.7308,NAME
20061,26509,GMC,Used,2018,II,24912.7273,Savana2500
20060,58488,FIAT,Used,2018,II,18772.8182,500X
20012,20840,Dodge,Used,2018,II,21615.25,Charger
20088,47567,Toyota,Used,2019,II,20200.0,Priusc
20049,53787,Audi,Used,2014,II,23090.6667,SQ5
20049,22159,Audi,Used,2016,II,29896.8991,TT
20089,58767,Volkswagen,Used,2018,II,23982.4444,GolfGTI
20049,20598,Audi,Used,2013,II,16563.3636,A6
20019,52969,INFINITI,Used,2014,II,20467.0,Q50Hybrid
20088,47567,Toyota,Used,2017,II,18065.6364,Priusc
20089,21242,Volkswagen,Used,2018,II,17929.3333,Golf
20025,38163,Lincoln,Used,2016,II,18800.0,MKZHybrid
20088,20774,Toyota,Used,2016,II,17518.1176,CamryHybrid
20005,54410,BMW,Used,2014,II,19577.0,335GranTurismo
20015,27661,Ford,Used,2018,II,15528.8,FusionHybrid
20064,20666,Hyundai,Used,2016,II,18362.2535,Azera
20015,53027,Ford,Used,2017,II,18395.5,FusionEnergi
20015,21712,Ford,Used,2015,II,20152.25,Mustang
20024,43403,LandRover,Used,2013,II,20981.3333,RangeRoverEvoque
20073,21460,Mazda,Used,2016,II,21086.7955,MX5Miata
20089,21242,Volkswagen,Used,2019,II,23080.0,Golf
20060,20483,FIAT,Used,2016,II,15790.0,500
20005,20500,BMW,Used,2016,II,26020.5843,535
20070,21289,Lexus,Used,2016,II,28268.7333,IS350
20025,27841,Lincoln,Used,2015,II,21552.6429,MKT
20089,58767,Volkswagen,Used,2019,II,27800.0,GolfGTI
20075,36083,MINI,Used,2016,II,20205.4286,Countryman
20019,54450,INFINITI,Used,2017,II,22197.4167,0
20053,35025,Chevrolet,Used,2015,II,16190.0,Volt
20088,47567,Toyota,Used,2015,II,15497.0,Priusc
20024,21360,LandRover,Used,2014,II,17989.0,LR2
20070,35964,Lexus,Used,2015,II,18145.75,CT200h
20015,27661,Ford,Used,2019,II,20389.5,FusionHybrid
20012,20807,Dodge,Used,2019,II,25056.1429,Challenger
20077,20645,Nissan,Used,2015,II,23306.3,Armada
20075,36083,MINI,Used,2017,II,25493.0,Countryman
20088,20774,Toyota,Used,2013,II,15995.0,CamryHybrid
20019,52108,INFINITI,Used,2014,II,16956.6667,Q50
20068,52087,Kia,Used,2018,II,28867.0,Cadenza
20019,52969,INFINITI,Used,2015,II,26148.7143,Q50Hybrid
20070,57887,Lexus,Used,2017,II,27793.2,NX200t
20015,48704,Ford,Used,2014,II,15151.1923,FocusST
20019,47283,INFINITI,Used,2013,II,17753.3389,JX35
20005,54409,BMW,Used,2015,II,19118.4,328GranTurismo
20075,36083,MINI,Used,2019,II,29829.6667,Countryman
20019,52969,INFINITI,Used,2017,II,28999.0,Q50Hybrid
20077,52655,Nissan,Used,2014,II,15660.3125,PathfinderHybrid
44763,30008915,RAM,Used,2017,II,23985.0,ProMaster3500WindowVan
20030,36362434,Mitsubishi,New,2018,II,24259.9412,EclipseCross
20041,47566,Subaru,New,2019,II,29742.1944,BRZ
20064,21899,Hyundai,New,2019,II,29233.4049,SantaFe
20064,21053,Hyundai,New,2020,II,22797.6772,Elantra
20017,21128,Honda,New,2019,II,18465.5987,Fit
20006,21071,Buick,New,2017,II,25999.0,Encore
20060,43523,FIAT,New,2019,II,21583.3235,500C
20012,21286,Dodge,New,2018,II,22555.6667,Journey
20053,42324,Chevrolet,New,2019,II,18566.8621,Sonic
20068,40463,Kia,New,2017,II,26330.0,OptimaHybrid
20030,36362434,Mitsubishi,New,2019,II,25165.9506,EclipseCross
20015,49085,Ford,New,2018,II,25590.0,CMaxHybrid
20015,27661,Ford,New,2019,II,27458.768,FusionHybrid
20060,33484310,FIAT,New,2018,II,28024.2308,124Spider
20025,21425,Lincoln,New,2017,III,50450.0,MKX
20015,56748,Ford,New,2019,III,35070.1538,Transit250
20049,53787,Audi,New,2018,III,66925.0,SQ5
20001,57287,Acura,New,2019,III,41050.3778,TLX
44763,54810,RAM,New,2019,III,52646.7838,ProMaster2500WindowVan
20053,36274172,Chevrolet,New,2019,III,34885.2176,BoltEV
20049,36310105,Audi,New,2019,III,65741.5444,RS3
20005,36303139,BMW,New,2020,III,49002.5,0
20028,30003456,MercedesBenz,New,2020,III,64273.9405,NAME
20021,36620416,Jeep,New,2020,III,49243.7056,Gladiator
20052,33486882,Cadillac,New,2019,III,50576.3352,XT5
20049,27461,Audi,New,2019,III,61713.3043,TTS
20005,34992145,BMW,New,2019,III,57055.1837,440GranCoupe
20005,56067,BMW,New,2018,III,52817.5,i3
20053,35025,Chevrolet,New,2019,III,32248.0208,Volt
20061,22107,GMC,New,2019,III,62795.0488,Sierra2500
20044,22351,Volvo,New,2020,III,58472.5,V90
20052,30003197,Cadillac,New,2018,III,62586.0,CT6
20088,22101,Toyota,New,2020,III,38974.9257,Sienna
20025,20669,Lincoln,New,2020,III,73384.369,Aviator
20052,21081,Cadillac,New,2018,III,73497.0,Escalade
20005,20356,BMW,New,2019,III,46923.3333,230
20005,22312,BMW,New,2018,III,73559.1667,0
20053,36410838,Chevrolet,New,2019,III,37665.8111,Silverado1500LD
20015,21104,Ford,New,2018,III,64644.5,NAME
20088,22250,Toyota,New,2019,III,36146.2667,Tacoma
20066,58489,Jaguar,New,2020,III,53794.5,XE
20066,22315,Jaguar,New,2020,III,63114.9333,XF
20053,22070,Chevrolet,New,2019,III,61456.2619,Silverado3500
20041,21165,Subaru,New,2019,III,32483.76,Forester
20015,21712,Ford,New,2019,III,33151.8462,Mustang
20089,47951,Volkswagen,New,2019,III,41636.4567,GolfR
20041,36362567,Subaru,New,2020,III,42303.2456,Ascent
20028,36279856,MercedesBenz,New,2019,III,68418.4014,AMGC43
20061,20607,GMC,New,2018,III,46303.0,Acadia
20088,21233,Toyota,New,2019,III,44717.9649,HighlanderHybrid
20008,21701,Chrysler,New,2019,III,36870.7886,Pacifica
20052,47274,Cadillac,New,2018,III,46402.5,XTS
20012,20807,Dodge,New,2016,III,43375.0,Challenger
35354491,35518730,Genesis,New,2019,III,70717.0153,G90
20005,20409,BMW,New,2018,III,47977.0,330
20066,22315,Jaguar,New,2018,III,48644.5,XF
20066,22382,Jaguar,New,2017,III,66900.0,XJ
20015,56749,Ford,New,2018,III,42504.5,Transit350
20089,36377812,Volkswagen,New,2019,III,39803.2291,Arteon
20006,21058,Buick,New,2020,III,52098.7143,Enclave
20073,47277,Mazda,New,2019,III,30992.8268,CX5
20044,22380,Volvo,New,2018,III,43495.0,XC90
20047,30021900,AlfaRomeo,New,2016,III,66003.5,4CSpider
20005,22395,BMW,New,2020,III,69433.7,Z4
20061,20607,GMC,New,2019,III,37296.573,Acadia
20073,21447,Mazda,New,2018,III,30033.5,Mazda6
20066,36329945,Jaguar,New,2019,III,50300.2292,EPACE
20049,30026257,Audi,New,2018,III,40475.0,A3etron
20044,36321398,Volvo,New,2018,III,61223.0,XC60Hybrid
20061,22393,GMC,New,2019,III,64664.7703,Yukon
20066,58489,Jaguar,New,2018,III,41385.8333,XE
20077,22171,Nissan,New,2018,III,44676.4,Titan
20061,22394,GMC,New,2019,III,68858.376,YukonXL
20028,36279957,MercedesBenz,New,2019,III,39559.5044,Metris
20024,43403,LandRover,New,2018,III,47846.5,RangeRoverEvoque
20005,36326932,BMW,New,2018,III,74185.0,640GranTurismo
44763,20451,RAM,New,2018,III,55965.7273,3500
20052,21081,Cadillac,New,2017,III,74995.0,Escalade
20017,36363973,Honda,New,2019,III,36251.732,ClarityPlugInHybrid
20028,36283532,MercedesBenz,New,2019,III,51681.0617,Sprinter3500
20044,56208,Volvo,New,2018,III,37171.3,V60
20041,50683,Subaru,New,2018,III,34378.0,WRX
35354491,35357470,Genesis,New,2019,III,51959.8587,G80
20070,30038753,Lexus,New,2017,III,69669.0,GSF
20066,58489,Jaguar,New,2019,III,47536.6552,XE
20001,58167,Acura,New,2016,III,66890.0,RLXSportHybrid
20088,36273890,Toyota,New,2018,III,32299.0,PriusPrime
20047,30021900,AlfaRomeo,New,2018,III,67426.375,4CSpider
20015,56747,Ford,New,2017,III,32995.0,Transit150
20077,20645,Nissan,New,2018,III,50993.0,Armada
35354491,36388210,Genesis,New,2019,III,45249.7126,G70
20006,21058,Buick,New,2019,III,46169.1024,Enclave
20077,52189,Nissan,New,2018,III,31469.4722,NAME
20021,26381,Jeep,New,2019,III,41918.5973,WranglerUnlimited
20028,36658915,MercedesBenz,New,2019,III,39819.2346,AClass
20028,36279856,MercedesBenz,New,2018,III,65645.0,AMGC43
20019,33482960,INFINITI,New,2019,III,38989.8,0
20001,21831,Acura,New,2019,III,41362.5854,RDX
20041,47566,Subaru,New,2018,III,30655.6667,BRZ
20044,36281513,Volvo,New,2017,III,57093.0,V90CrossCountry
20049,21912,Audi,New,2019,III,62058.5932,S4
20044,22379,Volvo,New,2018,III,52120.4286,XC60
20064,36620695,Hyundai,New,2020,III,40719.4667,Palisade
20061,20778,GMC,New,2018,III,35484.0,Canyon
20005,34992056,BMW,New,2018,III,52539.5833,430GranCoupe
20005,34991443,BMW,New,2019,III,32807.3333,330GranTurismo
20088,22213,Toyota,New,2019,III,45637.3108,Tundra
20068,56013,Kia,New,2019,III,59427.5946,K900
20044,30003796,Volvo,New,2018,III,40148.5,V60CrossCountry
20049,50823,Audi,New,2019,III,39009.0,Q5hybrid
20015,21136,Ford,New,2019,III,34341.0854,Flex
20049,20598,Audi,New,2019,III,67644.2466,A6
20049,22159,Audi,New,2019,III,55309.7333,TT
20061,20778,GMC,New,2020,III,37032.5,Canyon
20047,30021900,AlfaRomeo,New,2019,III,73189.5556,4CSpider
20049,53787,Audi,New,2019,III,65934.7196,SQ5
20015,21097,Ford,New,2019,III,66131.9257,NAME
20028,36279868,MercedesBenz,New,2019,III,41718.1136,CLA250
35354491,35518730,Genesis,New,2018,III,62998.0,G90
20025,20849,Lincoln,New,2018,III,57822.5,Continental
20028,22183,MercedesBenz,New,2017,III,40336.0,Sprinter
20088,21933,Toyota,New,2017,III,62988.0,Sequoia
20028,36633641,MercedesBenz,New,2019,III,33705.1765,Sprinter1500
20075,36083,MINI,New,2019,III,36688.1099,Countryman
20044,56208,Volvo,New,2020,III,49780.0,V60
44763,54810,RAM,New,2018,III,46486.7273,ProMaster2500WindowVan
20005,22310,BMW,New,2018,III,53585.0,0
20070,27664,Lexus,New,2019,III,57822.7545,RX450h
20068,36651476,Kia,New,2020,III,39950.0778,Telluride
20005,20436,BMW,New,2018,III,59795.0,440
20070,36381836,Lexus,New,2019,III,60249.9231,RX450hL
20015,21105,Ford,New,2020,III,54639.1944,Explorer
20015,36324071,Ford,New,2019,III,71276.3459,NAME
20044,36326814,Volvo,New,2018,III,67415.875,S90Hybrid
20068,36728809,Kia,New,2019,III,37465.2889,NiroEV
20015,30021281,Ford,New,2018,III,59056.8947,ShelbyGT350
20028,56288,MercedesBenz,New,2019,III,41413.4032,NAME
20070,36366385,Lexus,New,2018,III,57497.0,RX350L
20005,33763017,BMW,New,2019,III,61145.0,0
20001,58167,Acura,New,2018,III,62865.0,RLXSportHybrid
20064,36447417,Hyundai,New,2019,III,33637.4464,SantaFeXL
20070,36366385,Lexus,New,2019,III,56514.5263,RX350L
20028,22183,MercedesBenz,New,2018,III,66773.0,Sprinter
44763,36488471,RAM,New,2019,III,36583.5,1500Classic
20053,26504,Chevrolet,New,2019,III,31301.9247,Express2500
20028,36279924,MercedesBenz,New,2019,III,72202.3061,AMGSLC43
20025,21404,Lincoln,New,2018,III,39749.0,MKZ
20053,20770,Chevrolet,New,2018,III,39345.0,Camaro
20044,21916,Volvo,New,2020,III,41290.0,S60
20001,51867,Acura,New,2018,III,56080.0,RLX
20024,36308693,LandRover,New,2018,III,69722.0,RangeRoverVelar
20088,36273890,Toyota,New,2020,III,30971.3019,PriusPrime
20061,30003,GMC,New,2019,III,31688.0815,Terrain
20077,52192,Nissan,New,2018,III,39955.6667,NAME
20047,21238,AlfaRomeo,New,2019,III,48039.6977,Giulia
20052,30003197,Cadillac,New,2017,III,65278.0,CT6
20052,20787,Cadillac,New,2018,III,51003.6,CTS
20005,22378,BMW,New,2018,III,62693.5714,0
20070,36388196,Lexus,New,2019,III,39417.8939,UX250h
20070,21239,Lexus,New,2019,III,43659.4783,IS300
20005,36620826,BMW,New,2020,III,61014.25,0
20019,54187,INFINITI,New,2020,III,50748.0851,QX60
20005,36302078,BMW,New,2018,III,59181.1429,530e
20044,36321398,Volvo,New,2019,III,66832.9876,XC60Hybrid
20005,36326932,BMW,New,2019,III,72546.0638,640GranTurismo
20072,34226822,Maserati,New,2017,III,69888.0,Levante
44763,20277,RAM,New,2018,III,37972.5455,1500
20025,36362493,Lincoln,New,2019,III,50634.6556,Nautilus
20005,20356,BMW,New,2020,III,47325.9718,230
20028,20745,MercedesBenz,New,2019,III,50038.7925,CClass
20028,36283944,MercedesBenz,New,2017,III,47231.6,Sprinter3500XD
20052,47563,Cadillac,New,2018,III,34888.0,ATS
20077,33761895,Nissan,New,2018,III,47344.5385,TitanXD
20028,36279804,MercedesBenz,New,2018,III,41335.0,AMGGLA45
20028,36279873,MercedesBenz,New,2019,III,41340.2207,GLA250
20021,21222,Jeep,New,2018,III,37725.1667,GrandCherokee
20064,36301306,Hyundai,New,2019,III,33751.1771,IoniqEV
20030,36369778,Mitsubishi,New,2019,III,36495.319,OutlanderPHEV
20015,56748,Ford,New,2018,III,34643.2727,Transit250
20028,36283002,MercedesBenz,New,2019,III,50432.0347,Sprinter2500
20019,58567,INFINITI,New,2019,III,56506.0556,Q70L
20019,54187,INFINITI,New,2019,III,53217.4493,0
20070,57888,Lexus,New,2019,III,43728.1176,NX300h
20075,51006,MINI,New,2018,III,31657.5,Hardtop
20077,52194,Nissan,New,2019,III,36354.2409,NAME
20077,35968,Nissan,New,2019,III,36083.2437,Leaf
20015,22164,Ford,New,2019,III,30500.1333,Taurus
20044,36428483,Volvo,New,2019,III,57895.7143,S60Hybrid
20019,54451,INFINITI,New,2018,III,72485.0,0
20068,36293408,Kia,New,2018,III,42485.2857,Stinger
20053,26508,Chevrolet,New,2018,III,34606.8,Express3500
20008,36290525,Chrysler,Used,2018,III,36426.3333,PacificaHybrid
20075,51006,MINI,Used,2016,II,15659.1034,Hardtop
20028,56288,MercedesBenz,Used,2017,II,26239.0,NAME
20068,36296927,Kia,Used,2019,II,24500.0,OptimaPlugInHybrid
20019,54413,INFINITI,Used,2015,II,22753.1429,0
20070,21027,Lexus,Used,2015,II,20322.75,ES350
20060,51868,FIAT,Used,2016,II,15525.0,500L
20015,21136,Ford,Used,2017,II,28500.0,Flex
20005,20445,BMW,Used,2015,II,24087.4516,335
20028,35084701,MercedesBenz,Used,2014,II,15361.5854,BClass
20005,54812,BMW,Used,2014,II,17517.76,328d
20001,47843,Acura,Used,2017,II,18794.8261,ILX
20041,48265,Subaru,Used,2015,II,18006.6,XVCrosstrek
20088,46703,Toyota,Used,2014,II,16471.4722,Priusv
20077,27663,Nissan,Used,2015,II,28895.0,370Z
20073,36280700,Mazda,Used,2018,II,24292.1333,MX5MiataRF
20068,40463,Kia,Used,2016,II,15999.5833,OptimaHybrid
20044,30000874,Volvo,Used,2017,II,25331.6667,S60CrossCountry
20053,20770,Chevrolet,Used,2016,II,20385.0,Camaro
20012,20807,Dodge,Used,2017,II,26400.6667,Challenger
20077,52670,Nissan,Used,2018,II,18397.6667,NV200
20015,21136,Ford,Used,2016,II,22144.9167,Flex
20001,22237,Acura,Used,2013,II,15569.3226,TL
20053,27361,Chevrolet,Used,2019,II,25063.5,MalibuHybrid
20012,20840,Dodge,Used,2017,II,19361.1667,Charger
20052,47563,Cadillac,Used,2014,II,16285.6923,ATS
20089,21758,Volkswagen,Used,2019,II,23433.0,Passat
20019,54413,INFINITI,Used,2015,II,24735.5,0
20073,30000208,Mazda,Used,2019,II,18279.0,CX3
20015,21085,Ford,Used,2015,II,26824.1429,NAME
20028,36279957,MercedesBenz,Used,2017,II,23925.5,Metris
20012,20807,Dodge,Used,2018,II,20698.6667,Challenger
20064,39583,Hyundai,Used,2017,II,19011.85,SonataHybrid
20008,22191,Chrysler,Used,2015,II,19994.5,TownCountry
20053,20770,Chevrolet,Used,2016,II,19440.25,Camaro
20015,56749,Ford,Used,2016,II,23855.7143,Transit350
20020,21775,Isuzu,Used,2013,II,18995.0,NAME
20001,47843,Acura,Used,2015,II,15210.75,ILX
20060,58488,FIAT,Used,2016,II,15375.0,500X
20073,21447,Mazda,Used,2018,II,23569.3,Mazda6
20024,58230,LandRover,Used,2017,II,26766.1429,DiscoverySport
20044,22379,Volvo,Used,2017,II,23398.0,XC60
20049,20593,Audi,Used,2015,II,23983.0,A5
20066,58489,Jaguar,Used,2018,II,28015.0833,XE
20075,36083,MINI,Used,2019,II,22871.2857,Countryman
20015,21104,Ford,Used,2017,II,29491.0,NAME
20068,52087,Kia,Used,2014,II,15022.3158,Cadenza
20005,48064,BMW,Used,2013,II,27423.3636,640GranCoupe
20028,21014,MercedesBenz,Used,2016,II,25681.6667,EClass
20070,21281,Lexus,Used,2015,II,21379.0172,IS250
20024,58230,LandRover,Used,2016,II,25613.6522,DiscoverySport
20005,54409,BMW,Used,2014,II,16603.0,328GranTurismo
20015,53027,Ford,Used,2018,II,20431.0,FusionEnergi
20005,20444,BMW,Used,2014,II,18360.0,328
20012,20807,Dodge,Used,2014,II,16828.0,Challenger
20077,48583,Nissan,Used,2013,II,15120.4,NAME
20008,20394,Chrysler,Used,2018,II,25068.0,300C
20044,56208,Volvo,Used,2016,II,21801.9,V60
20041,47566,Subaru,Used,2018,II,25456.6,BRZ
20070,57887,Lexus,Used,2016,II,26904.7624,NX200t
20070,21196,Lexus,Used,2013,II,23900.0,GS350
20015,21050,Ford,Used,2013,II,16187.1739,0
20025,21404,Lincoln,Used,2015,II,15641.0,MKZ
20052,52107,Cadillac,Used,2014,II,23964.7576,ELR
20005,20292,BMW,Used,2013,II,21644.2955,135
20089,30003099,Volkswagen,Used,2018,II,20553.3333,GolfSportWagen
20015,53027,Ford,Used,2016,II,16605.625,FusionEnergi
20073,20788,Mazda,Used,2014,II,15313.6667,CX9
20005,32885,BMW,Used,2013,II,26998.0,NAME
20041,50683,Subaru,Used,2017,II,24139.3953,WRX
20019,54187,INFINITI,Used,2016,II,24089.2857,QX60
20073,21460,Mazda,Used,2014,II,17608.2,MX5Miata
20061,34280445,GMC,Used,2017,II,27260.9806,AcadiaLimited
20088,51703,Toyota,Used,2016,II,23262.9487,AvalonHybrid
20073,30000208,Mazda,Used,2018,II,17288.8333,CX3
20015,22164,Ford,Used,2019,II,24571.6667,Taurus
20028,27621,MercedesBenz,Used,2015,II,21046.4314,GLKClass
20068,36296927,Kia,Used,2017,II,20366.2857,OptimaPlugInHybrid
20061,26505,GMC,Used,2017,II,24618.5,Savana3500
20088,22213,Toyota,Used,2015,II,26044.0,Tundra
20052,21887,Cadillac,Used,2016,II,27614.4,SRX
20049,21855,Audi,Used,2015,II,26485.1111,S3
20015,21105,Ford,Used,2017,II,23290.5,Explorer
20070,21787,Lexus,Used,2015,II,23592.1905,RX350
20075,51005,MINI,Used,2017,II,23609.8462,Convertible
20061,26505,GMC,Used,2014,II,23525.6667,Savana3500
20024,21360,LandRover,Used,2013,II,15890.1212,LR2
20085,47565,Scion,Used,2014,II,18252.0,FRS
20041,21378,Subaru,Used,2018,II,19839.375,Legacy
20017,36586990,Honda,Used,2019,II,24747.0769,CivicSi
20028,21014,MercedesBenz,Used,2015,II,19690.0,EClass
20005,54807,BMW,Used,2016,II,29633.2692,435
20005,54409,BMW,Used,2016,II,23687.6122,328GranTurismo
20019,49665,INFINITI,Used,2013,II,23814.8333,IPLG
20070,21239,Lexus,Used,2017,II,29201.5,IS300
20001,32888,Acura,Used,2013,II,26697.0,ZDX
20060,33484310,FIAT,Used,2017,II,20544.6731,124Spider
20064,20666,Hyundai,Used,2015,II,18539.5417,Azera
20053,36274172,Chevrolet,Used,2019,II,25895.0,BoltEV
20028,21414,MercedesBenz,Used,2015,II,24810.3125,MClass
20044,30019645,Volvo,Used,2018,II,26151.875,S60Inscription
20053,57447,Chevrolet,Used,2017,II,20313.6667,CityExpress
20025,38163,Lincoln,Used,2017,II,23602.0,MKZHybrid
20070,57928,Lexus,Used,2015,II,29003.6742,RC350
20089,36343233,Volkswagen,Used,2017,II,18188.2667,TiguanLimited
20088,51703,Toyota,Used,2018,II,29232.8,AvalonHybrid
20005,20444,BMW,Used,2015,II,17705.4783,328
20070,57887,Lexus,Used,2015,II,25378.1786,NX200t
20053,20770,Chevrolet,Used,2014,II,15854.6667,Camaro
20005,34991443,BMW,Used,2017,II,29653.8889,330GranTurismo
20001,21422,Acura,Used,2013,II,16082.1667,MDX
20070,57887,Lexus,Used,2016,II,29152.1,NX200t
20019,54868,INFINITI,Used,2014,II,20994.0,Q60IPL
20053,26508,Chevrolet,Used,2019,II,26990.0,Express3500
20088,30003416,Toyota,Used,2017,II,26477.6,RAV4Hybrid
20044,22313,Volvo,Used,2014,II,16487.3333,XC70
20041,30031770,Subaru,Used,2017,II,20500.0,Crosstrek
20005,56067,BMW,Used,2016,II,21213.2593,i3
20088,22358,Toyota,Used,2014,II,20898.0,Venza
20068,33910101,Kia,Used,2017,II,18339.2857,Niro
20049,22159,Audi,Used,2015,II,26622.3333,TT
20006,30000872,Buick,Used,2019,II,26923.6,Cascada
20019,54814,INFINITI,Used,2015,II,25461.0,Q70
20061,26509,GMC,Used,2014,II,21588.0,Savana2500
20019,52108,INFINITI,Used,2018,II,22541.3478,Q50
20001,21831,Acura,Used,2014,II,16460.4286,RDX
20049,21914,Audi,Used,2013,II,25233.75,S5
20005,36963,BMW,Used,2014,II,17079.5,535GranTurismo
20041,21378,Subaru,Used,2016,II,15616.0,Legacy
20006,30000872,Buick,Used,2019,II,26957.5128,Cascada
20049,20591,Audi,Used,2015,II,17342.5526,A3
20077,52189,Nissan,Used,2018,II,27370.1818,NAME
20049,20593,Audi,Used,2014,II,20871.8889,A5
20028,36279868,MercedesBenz,Used,2018,II,27602.7333,CLA250
20068,21970,Kia,Used,2017,II,20046.5,Sedona
20044,21920,Volvo,Used,2013,II,15993.0,S80
20005,22310,BMW,Used,2017,II,25817.5,0
20019,56611,INFINITI,Used,2016,II,25498.5,Q70h
20088,22358,Toyota,Used,2014,II,16989.1538,Venza
20001,58167,Acura,Used,2014,II,26519.0,RLXSportHybrid
20077,27663,Nissan,Used,2014,II,22994.4444,370Z
20070,27664,Lexus,Used,2013,II,21576.7,RX450h
20088,51703,Toyota,Used,2013,II,16159.8261,AvalonHybrid
20005,56207,BMW,Used,2014,II,22892.0,0
20088,22101,Toyota,Used,2018,II,22320.5,Sienna
20017,34743,Honda,Used,2014,II,16796.0,Crosstour
20041,30031781,Subaru,Used,2016,II,22380.7976,CrosstrekHybrid
20017,36363973,Honda,Used,2018,II,26113.8864,ClarityPlugInHybrid
20053,26504,Chevrolet,Used,2017,II,27251.5833,Express2500
20053,26508,Chevrolet,Used,2017,II,21718.2432,Express3500
20001,21422,Acura,Used,2014,II,19500.0,MDX
20024,30004,LandRover,Used,2013,II,20659.1667,LR4
20005,20445,BMW,Used,2014,II,19897.15,335
20077,21145,Nissan,Used,2017,II,16490.0,Frontier
20088,36417341,Toyota,Used,2019,II,19606.5,CorollaHatchback
20088,30003416,Toyota,Used,2016,II,21979.2353,RAV4Hybrid
20025,21425,Lincoln,Used,2013,II,15511.32,MKX
20025,21425,Lincoln,Used,2015,II,20239.0,MKX
20005,35050,BMW,Used,2014,II,28000.0,550GranTurismo
20052,21887,Cadillac,Used,2014,II,18162.1786,SRX
20053,36274172,Chevrolet,Used,2017,II,21833.75,BoltEV
20005,22395,BMW,Used,2013,II,23366.6667,Z4
20070,21196,Lexus,Used,2015,II,25054.1515,GS350
20015,50243,Ford,Used,2016,II,15410.52,CMaxEnergi
20005,20487,BMW,Used,2013,II,19867.875,550
20070,21027,Lexus,Used,2016,II,25017.25,ES350
20061,22107,GMC,Used,2013,II,24966.0,Sierra2500
20019,54814,INFINITI,Used,2015,II,22730.0,Q70
20064,36301306,Hyundai,Used,2017,II,21688.0,IoniqEV
20052,21081,Cadillac,Used,2016,III,49160.4,Escalade
20060,20483,FIAT,Used,2013,I,7726.6957,500
20089,47568,Volkswagen,Used,2014,I,11346.125,JettaHybrid
20030,45843,Mitsubishi,Used,2014,I,7778.0,iMiEV
20053,53187,Chevrolet,Used,2016,I,10481.5,SparkEV
20089,21242,Volkswagen,Used,2017,I,14797.9677,Golf
20053,53187,Chevrolet,Used,2016,I,10256.4831,SparkEV
20077,21764,Nissan,Used,2013,I,12621.1739,Quest
20077,22274,Nissan,Used,2016,I,9391.0,Versa
20064,42323,Hyundai,Used,2017,I,14224.5,Veloster
20053,47275,Chevrolet,Used,2014,I,7259.3,Spark
20088,47567,Toyota,Used,2015,I,14190.625,Priusc
20030,21466,Mitsubishi,Used,2019,I,11289.6667,Mirage
20089,56107,Volkswagen,Used,2016,I,13810.4706,eGolf
20088,46703,Toyota,Used,2013,I,12761.6471,Priusv
20006,46183,Buick,Used,2015,I,12726.5556,Verano
20015,21712,Ford,Used,2013,I,11983.0,Mustang
20021,21766,Jeep,Used,2016,I,13261.7123,Patriot
20053,26504,Chevrolet,Used,2013,I,12566.5,Express2500
20064,20666,Hyundai,Used,2014,I,14326.1765,Azera
20021,21766,Jeep,Used,2015,I,11914.32,Patriot
20052,47563,Cadillac,Used,2013,I,13462.037,ATS
20006,21355,Buick,Used,2013,I,12842.0,LaCrosse
20015,53027,Ford,Used,2015,I,14747.75,FusionEnergi
44763,45303,RAM,Used,2015,I,8856.6,Cargo
20017,20611,Honda,Used,2014,I,14910.5,AccordHybrid
20017,21128,Honda,Used,2016,I,14097.5,Fit
20053,26504,Chevrolet,Used,2015,I,13438.0,Express2500
20015,22164,Ford,Used,2015,I,12920.96,Taurus
20030,21361,Mitsubishi,Used,2017,I,13971.5088,Lancer
20015,27661,Ford,Used,2017,I,12584.0,FusionHybrid
20068,32883,Kia,Used,2015,I,10788.0,ForteKoup
20053,42324,Chevrolet,Used,2013,I,6497.3846,Sonic
20030,21466,Mitsubishi,Used,2018,I,10405.5,Mirage
20015,21712,Ford,Used,2014,I,14586.3333,Mustang
20089,50644,Volkswagen,Used,2014,I,14001.6,JettaSportWagen
20017,21128,Honda,Used,2019,I,13995.0,Fit
20030,21466,Mitsubishi,Used,2018,I,10985.0,Mirage
20030,21361,Mitsubishi,Used,2016,I,12482.5455,Lancer
20053,42324,Chevrolet,Used,2016,I,9208.0833,Sonic
20077,22274,Nissan,Used,2014,I,6458.3333,Versa
20089,21758,Volkswagen,Used,2016,I,12715.4583,Passat
20089,21242,Volkswagen,Used,2014,I,12446.4286,Golf
20060,58488,FIAT,Used,2016,I,14386.7703,500X
20085,30003484,Scion,Used,2016,I,12506.1899,iA
20008,20303,Chrysler,Used,2015,I,10899.0,200
20015,21136,Ford,Used,2013,I,12950.5,Flex
20077,22274,Nissan,Used,2013,I,6999.0,Versa
20085,22401,Scion,Used,2013,I,10164.7619,tC
20053,57447,Chevrolet,Used,2015,I,11981.062,CityExpress
20015,30032338,Ford,Used,2013,I,12265.5625,UtilityPoliceInterceptor
20064,20605,Hyundai,Used,2013,I,8894.5,Accent
20015,42464,Ford,Used,2013,I,10458.5217,FocusElectric
20015,30032338,Ford,Used,2014,I,9594.64,UtilityPoliceInterceptor
20049,27681,Audi,Used,2013,I,14730.0,Q5
20015,21138,Ford,Used,2018,I,12418.8438,Focus
20041,21378,Subaru,Used,2014,I,11000.0,Legacy
20088,47108,Toyota,Used,2013,I,13767.6,PriusPlugin
20052,20787,Cadillac,Used,2013,I,13592.3333,CTS
20012,20991,Dodge,Used,2015,I,9981.1186,Dart
20028,36279866,MercedesBenz,New,2018,IV,135918.3333,AMGGLS63
20005,21396,BMW,New,2019,IV,120464.9474,0
20005,35346517,BMW,New,2018,IV,99326.75,740e
20003,22266,AstonMartin,New,2019,IV,171604.1538,Vantage
20005,36294682,BMW,New,2018,IV,176395.0,0
20070,30038753,Lexus,New,2018,IV,84239.4,GSF
20081,54449,Porsche,New,2018,IV,150584.3571,PanameraeHybrid
20066,58107,Jaguar,New,2020,IV,83983.0,FTYPE
20024,36308693,LandRover,New,2020,IV,81813.0,RangeRoverVelar
20028,30000114,MercedesBenz,New,2019,IV,153898.2785,AMGGT
20028,36279870,MercedesBenz,New,2017,IV,86010.0,CLS550
20066,58107,Jaguar,New,2018,IV,85701.75,FTYPE
20024,21811,LandRover,New,2018,IV,79208.0,RangeRoverSport
20088,21381,Toyota,New,2017,IV,86299.0,LandCruiser
20028,36279890,MercedesBenz,New,2017,IV,120845.0,SL550
20072,34226822,Maserati,New,2019,IV,95766.7231,Levante
20047,57327,AlfaRomeo,New,2016,IV,78345.0,4C
20049,43143,Audi,New,2019,IV,80653.974,A7
20005,36609635,BMW,New,2019,IV,93309.6145,0
20028,36310238,MercedesBenz,New,2018,IV,79297.5,AMGGLC63
20005,22312,BMW,New,2019,IV,79977.5,0
20081,58570,Porsche,New,2019,IV,97115.0,CayenneEHybrid
20028,36279952,MercedesBenz,New,2019,IV,83267.5734,GLS450
20066,36448175,Jaguar,New,2019,IV,130663.3333,XESV
20081,20567,Porsche,New,2018,IV,142545.0,911
20072,21814,Maserati,New,2017,IV,78975.0,Quattroporte
20052,21081,Cadillac,New,2020,IV,92324.3333,Escalade
20072,21814,Maserati,New,2018,IV,86416.6667,Quattroporte
20028,36714589,MercedesBenz,New,2019,IV,167873.6257,AMGGT63
20028,36279864,MercedesBenz,New,2019,IV,80298.2955,AMGGLE43
20005,20536,BMW,New,2020,IV,114878.1915,750
20028,36362574,MercedesBenz,New,2019,IV,80704.2989,CLS450
20051,33535058,Bentley,New,2019,IV,163060.0,Bentayga
20072,21197,Maserati,New,2019,IV,87937.5161,Ghibli
20028,36574457,MercedesBenz,New,2019,IV,96377.931,AMGCLS53
20081,20791,Porsche,New,2019,IV,92082.152,Cayenne
20028,36279890,MercedesBenz,New,2018,IV,117690.0,SL550
20052,21066,Cadillac,New,2020,IV,98788.3333,EscaladeESV
20077,21204,Nissan,New,2019,IV,114255.3889,GTR
20005,20625,BMW,New,2018,IV,161195.0,NAME
20066,58107,Jaguar,New,2019,IV,95664.875,FTYPE
20081,36291475,Porsche,New,2019,IV,84339.6337,718Cayman
20025,30016700,Lincoln,New,2018,IV,78068.25,NavigatorL
20044,30023481,Volvo,New,2019,IV,80851.7037,XC90Hybrid
20028,30000114,MercedesBenz,New,2020,IV,144218.6538,AMGGT
20028,36279857,MercedesBenz,New,2018,IV,87382.0,AMGC63
20070,36310230,Lexus,New,2018,IV,104192.8,LS500h
20052,21081,Cadillac,New,2019,IV,84005.3429,Escalade
20052,21066,Cadillac,New,2019,IV,86997.681,EscaladeESV
20081,30005,Porsche,New,2018,IV,122282.6667,Panamera
20005,36303139,BMW,New,2019,IV,79490.6508,0
20028,21906,MercedesBenz,New,2018,IV,130392.5,NAME
20049,36479416,Audi,New,2019,IV,77772.1897,Q8
20070,30038753,Lexus,New,2019,IV,89414.4,GSF
20088,21381,Toyota,New,2019,IV,83996.0972,LandCruiser
20003,53259,AstonMartin,New,2017,IV,189500.0,RapideS
20072,21247,Maserati,New,2018,IV,130042.75,GranTurismo
20028,36348163,MercedesBenz,New,2019,IV,183805.0,MaybachS560
20072,34226822,Maserati,New,2018,IV,78530.0,Levante
20072,21247,Maserati,New,2019,IV,155638.7778,GranTurismo
20005,48064,BMW,New,2018,IV,93825.0,640GranCoupe
20024,21872,LandRover,New,2018,IV,101557.0,RangeRover
20052,30000964,Cadillac,New,2019,IV,99814.5526,CTSV
20028,36279857,MercedesBenz,New,2017,IV,101127.5,AMGC63
20028,36279918,MercedesBenz,New,2019,IV,163049.3333,AMGSL63
20028,21906,MercedesBenz,New,2019,IV,121042.6337,NAME
20028,30000114,MercedesBenz,New,2018,IV,150431.5,AMGGT
20072,21814,Maserati,New,2019,IV,116587.2727,Quattroporte
20081,36291475,Porsche,New,2018,IV,87289.0,718Cayman
20028,36279890,MercedesBenz,New,2019,IV,121040.2808,SL550
20081,36323088,Porsche,New,2019,IV,163682.0,PanameraeHybridSportTurismo
20005,56127,BMW,New,2020,IV,96702.5926,0
20003,22266,AstonMartin,New,2020,IV,91140.8611,Vantage
20005,36294682,BMW,New,2020,IV,160357.0588,0
20070,21371,Lexus,New,2019,IV,97663.0,LX570
20051,53407,Bentley,New,2018,IV,149177.5,FlyingSpur
20005,56127,BMW,New,2018,IV,80531.6667,0
20070,36293903,Lexus,New,2019,IV,85780.9416,LS500
20019,54451,INFINITI,New,2019,IV,75706.6806,0
20028,36518738,MercedesBenz,New,2019,IV,85805.309,AMGE53
20028,36279918,MercedesBenz,New,2018,IV,162052.5,AMGSL63
20025,30016700,Lincoln,New,2019,IV,91310.1705,NavigatorL
20028,36279857,MercedesBenz,New,2019,IV,86620.7263,AMGC63
20005,32885,BMW,New,2018,IV,108795.0,NAME
20025,21719,Lincoln,New,2019,IV,88269.1351,Navigator
20028,36279867,MercedesBenz,New,2018,IV,184245.0,AMGS63
20028,36279958,MercedesBenz,New,2019,IV,100018.2705,SL450
20028,21930,MercedesBenz,New,2017,IV,111725.0,NAME
20028,36279866,MercedesBenz,New,2019,IV,130959.4059,AMGGLS63
20049,20595,Audi,New,2019,IV,96858.4432,A8
20005,56127,BMW,New,2019,IV,101937.5714,0
20005,33023,BMW,New,2019,IV,115454.4595,NAME
20070,21371,Lexus,New,2018,IV,93550.5,LX570
20028,21177,MercedesBenz,New,2019,IV,142996.6667,NAME
20049,36630848,Audi,New,2019,IV,83981.2971,etron
20070,36310230,Lexus,New,2019,IV,78619.902,LS500h
20061,22045,GMC,New,2020,IV,78232.5,Sierra3500
20049,47273,Audi,New,2019,IV,87697.0609,RS5
20081,20567,Porsche,New,2019,IV,154032.0448,911
20028,36279861,MercedesBenz,New,2017,IV,131465.0,AMGCLS63
20001,21685,Acura,New,2018,IV,119625.0,NSX
20081,36323063,Porsche,New,2019,IV,124678.8,PanameraSportTurismo
20077,21204,Nissan,New,2018,IV,152750.0,GTR
20028,36279886,MercedesBenz,New,2019,IV,101335.6548,GLS550
20005,56068,BMW,New,2019,IV,168450.5932,i8
20028,36279886,MercedesBenz,New,2018,IV,97693.8333,GLS550
20070,33796915,Lexus,New,2018,IV,101401.2667,LC500
20005,36436821,BMW,New,2019,IV,125258.6778,0
20070,36293903,Lexus,New,2018,IV,97938.2727,LS500
20024,21811,LandRover,New,2020,IV,103800.6667,RangeRoverSport
20088,21381,Toyota,New,2018,IV,81910.75,LandCruiser
20005,35346517,BMW,New,2019,IV,87593.25,740e
20028,36283532,MercedesBenz,New,2017,IV,137900.0,Sprinter3500
20028,36279865,MercedesBenz,New,2019,IV,121877.4895,AMGGLE63
20028,36310238,MercedesBenz,New,2019,IV,90067.7373,AMGGLC63
20070,33796915,Lexus,New,2019,IV,102079.3214,LC500
20001,21685,Acura,New,2019,IV,101994.7353,NSX
20028,36721091,MercedesBenz,New,2019,IV,114839.9722,AMGGT53
20024,21811,LandRover,New,2019,IV,88603.6042,RangeRoverSport
20070,30038753,Lexus,New,2016,IV,82594.0,GSF
20014,36302758,Ferrari,New,2019,IV,179188.0,488Spider
20028,36279867,MercedesBenz,New,2019,IV,175300.7744,AMGS63
20001,21685,Acura,New,2017,IV,103750.0,NSX
20005,52547,BMW,New,2019,IV,112378.0,NAME
20070,56307,Lexus,New,2020,IV,78215.0,RCF
20081,34293165,Porsche,New,2019,IV,88797.0108,718Boxster
20052,30001954,Cadillac,New,2019,IV,78653.75,ATSV
20005,20539,BMW,New,2019,IV,95170.3333,740
20066,36388217,Jaguar,New,2019,IV,82170.8278,IPACE
20005,49843,BMW,Used,2013,I,12372.875,ActiveHybrid3
20008,20303,Chrysler,Used,2016,I,13491.0698,200
20077,52670,Nissan,Used,2016,I,14515.4,0
20053,42324,Chevrolet,Used,2018,I,13084.9375,Sonic
20006,46183,Buick,Used,2014,I,12999.0,Verano
20085,30003493,Scion,Used,2016,I,14247.5,iM
20089,27321,Volkswagen,Used,2015,I,13721.1154,CC
20061,26509,GMC,Used,2013,I,14005.6667,Savana2500
20085,35969,Scion,Used,2015,I,10407.1667,iQ
20064,21221,Hyundai,Used,2016,II,22882.6452,Genesis
20005,22310,BMW,Used,2017,II,28599.0,0
20001,47843,Acura,Used,2016,II,16830.575,ILX
20028,36279957,MercedesBenz,Used,2018,II,29417.7143,Metris
20089,43344,Volkswagen,Used,2018,II,18107.75,Beetle
20066,22382,Jaguar,Used,2013,II,23203.4,XJ
20077,52192,Nissan,Used,2015,II,25234.2,NAME
20064,35963,Hyundai,Used,2015,II,25603.4615,Equus
20070,35964,Lexus,Used,2017,II,22981.625,CT200h
20049,20591,Audi,Used,2018,II,26679.0,A3
20006,21355,Buick,Used,2018,II,21895.25,LaCrosse
20070,21027,Lexus,Used,2017,II,25052.1429,ES350
20014,36318180,Ferrari,Used,2019,V,263537.2857,GTC4Lusso
20003,36298053,AstonMartin,New,2019,V,253397.2857,DB11
20003,52728,AstonMartin,New,2017,V,221200.0,Vanquish
20003,36298053,AstonMartin,New,2017,V,254439.0,DB11
20003,37363,AstonMartin,New,2019,V,275583.0,Rapide
20081,57448,Porsche,Used,2015,V,1165178.7,918Spyder
20014,48063,Ferrari,Used,2014,V,223329.3,458Spider
20051,21680,Bentley,New,2019,V,353756.6667,Mulsanne
20014,36302758,Ferrari,Used,2017,V,278519.2353,488Spider
20069,56867,Lamborghini,Used,2019,V,204560.0,Huracan
20014,30002053,Ferrari,Used,2014,V,361175.0,458Speciale
20037,21768,RollsRoyce,Used,2013,V,213796.0,PhantomCoupe
20014,36712387,Ferrari,Used,2018,V,242282.0,GTC4LussoT
20014,36712293,Ferrari,Used,2019,V,214844.0833,Portofino
20049,21778,Audi,New,2020,V,208088.0286,R8
20037,52656,RollsRoyce,New,2018,V,449225.0,Wraith
20014,52427,Ferrari,Used,2015,V,252754.4444,F12berlinetta
20003,52728,AstonMartin,New,2019,V,919776.0,Vanquish
20028,36279814,MercedesBenz,New,2019,V,266128.3333,AMGS65
20003,52728,AstonMartin,New,2018,V,561333.5,Vanquish
20028,36279814,MercedesBenz,New,2017,V,253312.5,AMGS65
20014,52427,Ferrari,Used,2013,V,232233.5,F12berlinetta
20037,56531,RollsRoyce,Used,2014,V,212107.0,Phantom
20014,36318180,Ferrari,Used,2017,V,214260.1111,GTC4Lusso
20014,35331199,Ferrari,Used,2017,V,258314.0,488GTB
20014,52427,Ferrari,Used,2014,V,238730.0,F12berlinetta
20014,35331199,Ferrari,Used,2018,V,273250.8,488GTB
20003,20957,AstonMartin,New,2019,V,352013.0435,DBS
20003,36298053,AstonMartin,Used,2019,V,265501.0,DB11
20037,52656,RollsRoyce,Used,2018,V,279900.0,Wraith
20028,36348301,MercedesBenz,New,2019,V,212702.2727,MaybachS650
20014,35331199,Ferrari,Used,2019,V,264521.375,488GTB
20003,36298053,AstonMartin,New,2018,V,247683.1538,DB11
20051,33535058,Bentley,New,2018,V,219362.5,Bentayga
20003,52728,AstonMartin,Used,2017,V,212444.0,Vanquish
20069,42843,Lamborghini,Used,2014,V,294472.1304,Aventador
20069,42843,Lamborghini,Used,2015,V,257799.0,Aventador
20014,35331199,Ferrari,Used,2017,V,248943.4571,488GTB
20037,21772,RollsRoyce,Used,2013,V,213252.1667,PhantomVI
20069,56867,Lamborghini,Used,2018,V,233799.2381,Huracan
20014,36604794,Ferrari,Used,2018,V,387848.0,812Superfast
20051,53407,Bentley,New,2017,V,215420.0,FlyingSpur
20069,42843,Lamborghini,Used,2018,V,375985.3077,Aventador
20014,48063,Ferrari,Used,2015,V,447575.5,458Spider
20028,36299623,MercedesBenz,Used,2017,V,219500.0,G5504x4Squared
20014,36604794,Ferrari,Used,2019,V,323983.5714,812Superfast
20014,36302758,Ferrari,Used,2019,V,313930.6667,488Spider
20014,40083,Ferrari,Used,2015,V,238495.4444,458Italia
20014,30002053,Ferrari,Used,2015,V,398776.0,458Speciale
20014,36302758,Ferrari,Used,2019,V,354283.8,488Spider
20037,56531,RollsRoyce,Used,2016,V,277952.25,Phantom
20037,21724,RollsRoyce,Used,2016,V,294990.0,PhantomDropheadCoupe
20028,36290351,MercedesBenz,Used,2019,V,206964.0526,AMGG63
20014,36604794,Ferrari,Used,2019,V,414911.875,812Superfast
20014,52427,Ferrari,Used,2017,V,598616.0667,F12berlinetta
20014,36712387,Ferrari,Used,2018,V,279150.0,GTC4LussoT
20014,36318180,Ferrari,Used,2018,V,252654.0909,GTC4Lusso
20037,52656,RollsRoyce,Used,2019,V,398888.0,Wraith
20037,56531,RollsRoyce,Used,2014,V,218990.0,Phantom
20014,33676107,Ferrari,Used,2014,V,2526800.0,LaFerrari
20014,52427,Ferrari,Used,2016,V,448900.0,F12berlinetta
20014,36302758,Ferrari,Used,2018,V,281162.3273,488Spider
20037,34281190,RollsRoyce,Used,2016,V,261613.0,Dawn
20014,35331199,Ferrari,Used,2016,V,226056.0,488GTB
20003,36298053,AstonMartin,Used,2019,V,218605.6667,DB11
20014,40083,Ferrari,Used,2014,V,238070.7143,458Italia
20069,42843,Lamborghini,Used,2017,V,329736.0,Aventador
20069,42843,Lamborghini,Used,2016,V,287053.25,Aventador
20037,21768,RollsRoyce,Used,2014,V,304916.6667,PhantomCoupe
20014,33676107,Ferrari,Used,2015,V,3600000.0,LaFerrari
20028,36290354,MercedesBenz,Used,2018,V,216893.5,AMGG65
20014,36302758,Ferrari,Used,2018,V,318909.8,488Spider
20037,21724,RollsRoyce,Used,2013,V,234370.5,PhantomDropheadCoupe
20014,52427,Ferrari,Used,2017,V,414448.5,F12berlinetta
20014,36604794,Ferrari,Used,2018,V,374503.0526,812Superfast
20014,20768,Ferrari,Used,2018,V,240337.8,California
20037,34281190,RollsRoyce,Used,2018,V,222589.7778,Dawn
20014,35331199,Ferrari,Used,2016,V,246341.4545,488GTB
20037,56531,RollsRoyce,New,2018,V,535540.0,Phantom
20028,36043,MercedesBenz,Used,2015,V,319937.5,SLSAMG
20014,52427,Ferrari,Used,2016,V,270583.6154,F12berlinetta
20069,42843,Lamborghini,Used,2013,V,286457.3333,Aventador
20003,52728,AstonMartin,Used,2018,V,396255.8889,Vanquish
20003,20957,AstonMartin,Used,2019,V,347589.0,DBS
20037,56531,RollsRoyce,Used,2013,V,213252.1667,Phantom
20014,36302758,Ferrari,Used,2016,V,284696.25,488Spider
20014,35331199,Ferrari,Used,2019,V,289923.75,488GTB
20037,56531,RollsRoyce,Used,2019,V,214108.3333,Phantom
20028,36299623,MercedesBenz,Used,2017,V,205745.2941,G5504x4Squared
20037,34281190,RollsRoyce,Used,2016,V,230860.7586,Dawn
20014,35331199,Ferrari,Used,2018,V,271736.7941,488GTB
20014,36318180,Ferrari,Used,2018,V,276738.6111,GTC4Lusso
20014,36318180,Ferrari,Used,2019,V,271598.3333,GTC4Lusso
20037,21724,RollsRoyce,Used,2016,V,310118.4,PhantomDropheadCoupe
20028,54427,MercedesBenz,Used,2014,V,333848.1429,SLSAMGBlackSeries
20014,30002053,Ferrari,Used,2014,V,363348.3333,458Speciale
20003,20957,AstonMartin,Used,2019,V,344899.5,DBS
20037,36640811,RollsRoyce,Used,2019,V,389991.0,Cullinan
20014,36302758,Ferrari,Used,2017,V,297802.2,488Spider
20069,56867,Lamborghini,Used,2016,V,204611.1667,Huracan
20051,21680,Bentley,New,2018,V,224665.8333,Mulsanne
20037,21768,RollsRoyce,Used,2016,V,395500.0,PhantomCoupe
20014,48063,Ferrari,Used,2014,V,221400.0,458Spider
20037,52656,RollsRoyce,Used,2017,V,273490.5,Wraith
20037,34281190,RollsRoyce,Used,2017,V,259944.4615,Dawn
20037,52656,RollsRoyce,Used,2017,V,204735.0,Wraith
20051,31863,Bentley,Used,2018,V,288786.0,ContinentalSupersports
20003,52728,AstonMartin,Used,2018,V,227921.875,Vanquish
20051,21680,Bentley,Used,2018,V,306015.6667,Mulsanne
20014,40083,Ferrari,Used,2015,V,249920.0,458Italia
20069,36629010,Lamborghini,Used,2019,V,230407.6316,Urus
47903,36296923,McLaren,New,2018,V,223710.0,570GT
20037,21724,RollsRoyce,Used,2015,V,289530.4,PhantomDropheadCoupe
20037,52656,RollsRoyce,Used,2016,V,200992.6667,Wraith
20014,36712293,Ferrari,Used,2019,V,257566.6667,Portofino
20037,36640811,RollsRoyce,Used,2019,V,219177.3077,Cullinan
20037,21724,RollsRoyce,Used,2014,V,282876.7143,PhantomDropheadCoupe
20037,21768,RollsRoyce,Used,2015,V,281223.0,PhantomCoupe
20014,48063,Ferrari,Used,2013,V,212933.3333,458Spider
20037,34281190,RollsRoyce,Used,2019,V,313623.4286,Dawn
20014,36318180,Ferrari,Used,2017,V,262869.8889,GTC4Lusso
20014,52427,Ferrari,Used,2015,V,247331.4737,F12berlinetta
20081,36323088,Porsche,New,2018,V,204397.6,PanameraeHybridSportTurismo
20028,36299623,MercedesBenz,Used,2018,V,223234.5,G5504x4Squared
