modelId,usage,year,IDV_Category,Price
21073,New,2019,I,13767.0
30263,New,2019,I,13767.0
21466,New,2017,I,12580.0
47275,New,2019,I,14103.2314
20991,New,2016,I,14595.0
20991,New,2016,I,14595.0
30263,New,2019,I,13767.0
21466,New,2017,I,12580.0
30263,New,2019,I,13767.0
21466,New,2018,I,14610.0
47275,New,2019,I,14103.2314
21466,New,2018,I,14610.0
30263,New,2019,I,13767.0
21466,New,2018,I,14610.0
21466,New,2017,I,12580.0
47275,New,2019,I,14103.2314
47275,New,2019,I,14103.2314
22317,New,2019,I,13767.0
21466,New,2017,I,12580.0
30263,New,2019,I,13767.0
30263,New,2019,I,13767.0
21466,New,2018,I,14610.0
21073,New,2019,I,13767.0
30263,New,2019,I,13767.0
20991,New,2016,I,14595.0
21466,New,2018,I,14610.0
20991,New,2016,I,14595.0
21466,New,2018,I,14610.0
47275,New,2019,I,14103.2314
21466,New,2017,I,12580.0
47275,New,2019,I,14103.2314
21073,New,2019,I,13767.0
22317,New,2019,I,13767.0
20991,New,2016,I,14595.0
22317,New,2019,I,13767.0
20991,New,2016,I,14595.0
30263,New,2019,I,13767.0
47275,New,2019,I,14103.2314
22317,New,2019,I,13767.0
30263,New,2019,I,13767.0
21466,New,2018,I,14610.0
22317,New,2019,I,13767.0
30263,New,2019,I,13767.0
21466,New,2018,I,14610.0
20991,New,2016,I,14595.0
30263,New,2019,I,13767.0
22317,New,2019,I,13767.0
47275,New,2019,I,14103.2314
30263,New,2019,I,13767.0
30263,New,2019,I,13767.0
21073,New,2019,I,13767.0
20991,New,2016,I,14595.0
30263,New,2019,I,13767.0
22317,New,2019,I,13767.0
30263,New,2019,I,13767.0
30263,New,2019,I,13767.0
47275,New,2019,I,14103.2314
21466,New,2017,I,12580.0
21073,New,2019,I,13767.0
21466,New,2017,I,12580.0
30263,New,2019,I,13767.0
21466,New,2017,I,12580.0
30263,New,2019,I,13767.0
21466,New,2018,I,14610.0
21073,New,2019,I,13767.0
47275,New,2019,I,14103.2314
22317,New,2019,I,13767.0
47275,New,2019,I,14103.2314
47275,New,2019,I,14103.2314
21466,New,2018,I,14610.0
21466,New,2018,I,14610.0
30263,New,2019,I,13767.0
47275,New,2019,I,14103.2314
20991,New,2016,I,14595.0
20991,New,2016,I,14595.0
30263,New,2019,I,13767.0
20991,New,2016,I,14595.0
22317,New,2019,I,13767.0
21466,New,2017,I,12580.0
21466,New,2017,I,12580.0
22317,New,2019,I,13767.0
30263,New,2019,I,13767.0
21466,New,2017,I,12580.0
30263,New,2019,I,13767.0
47275,New,2019,I,14103.2314
47275,New,2019,I,14103.2314
47275,New,2019,I,14103.2314
21466,New,2017,I,12580.0
21073,New,2019,I,13767.0
22317,New,2019,I,13767.0
30263,New,2019,I,13767.0
22317,New,2019,I,13767.0
47275,New,2019,I,14103.2314
21466,New,2018,I,14610.0
22317,New,2019,I,13767.0
21466,New,2018,I,14610.0
21466,New,2018,I,14610.0
21466,New,2018,I,14610.0
21466,New,2017,I,12580.0
22317,New,2019,I,13767.0
21073,New,2019,I,13767.0
21466,New,2017,I,12580.0
22317,New,2019,I,13767.0
47275,New,2019,I,14103.2314
21073,New,2019,I,13767.0
21073,New,2019,I,13767.0
21073,New,2019,I,13767.0
47275,New,2019,I,14103.2314
47275,New,2019,I,14103.2314
21466,New,2018,I,14610.0
21466,New,2017,I,12580.0
47275,New,2019,I,14103.2314
21073,New,2019,I,13767.0
30263,New,2019,I,13767.0
22317,New,2019,I,13767.0
22317,New,2019,I,13767.0
47275,New,2019,I,14103.2314
30263,New,2019,I,13767.0
47275,New,2019,I,14103.2314
21466,New,2017,I,12580.0
20991,New,2016,I,14595.0
21073,New,2019,I,13767.0
47275,New,2019,I,14103.2314
21466,New,2017,I,12580.0
47275,New,2019,I,14103.2314
21466,New,2018,I,14610.0
20991,New,2016,I,14595.0
21466,New,2018,I,14610.0
47275,New,2019,I,14103.2314
30263,New,2019,I,13767.0
21073,New,2019,I,13767.0
47275,New,2019,I,14103.2314
21073,New,2019,I,13767.0
21073,New,2019,I,13767.0
21466,New,2018,I,14610.0
21466,New,2017,I,12580.0
21466,New,2017,I,12580.0
21073,New,2019,I,13767.0
21073,New,2019,I,13767.0
21466,New,2017,I,12580.0
30263,New,2019,I,13767.0
30263,New,2019,I,13767.0
21466,New,2017,I,12580.0
21073,New,2019,I,13767.0
21073,New,2019,I,13767.0
21073,New,2019,I,13767.0
21466,New,2018,I,14610.0
21073,New,2019,I,13767.0
21073,New,2019,I,13767.0
30263,New,2019,I,13767.0
20991,New,2016,I,14595.0
22317,New,2019,I,13767.0
30263,New,2019,I,13767.0
21073,New,2019,I,13767.0
47275,New,2019,I,14103.2314
47275,New,2019,I,14103.2314
21073,New,2019,I,13767.0
47275,New,2019,I,14103.2314
21466,New,2017,I,12580.0
20991,New,2016,I,14595.0
21466,New,2018,I,14610.0
47275,New,2019,I,14103.2314
30263,New,2019,I,13767.0
21073,New,2019,I,13767.0
21466,New,2018,I,14610.0
20991,New,2016,I,14595.0
21466,New,2018,I,14610.0
22317,New,2019,I,13767.0
22317,New,2019,I,13767.0
21466,New,2018,I,14610.0
47275,New,2019,I,14103.2314
30263,New,2019,I,13767.0
21466,New,2017,I,12580.0
47275,New,2019,I,14103.2314
21073,New,2019,I,13767.0
47275,New,2019,I,14103.2314
22317,New,2019,I,13767.0
20991,New,2016,I,14595.0
22317,New,2019,I,13767.0
22317,New,2019,I,13767.0
21073,New,2019,I,13767.0
30263,New,2019,I,13767.0
30263,New,2019,I,13767.0
22317,New,2019,I,13767.0
21073,New,2019,I,13767.0
21466,New,2017,I,12580.0
20991,New,2016,I,14595.0
22317,New,2019,I,13767.0
47275,New,2019,I,14103.2314
47275,New,2019,I,14103.2314
21466,New,2018,I,14610.0
21466,New,2017,I,12580.0
47275,New,2019,I,14103.2314
22317,New,2019,I,13767.0
21466,New,2017,I,12580.0
30263,New,2019,I,13767.0
21466,New,2017,I,12580.0
21073,New,2019,I,13767.0
21466,New,2018,I,14610.0
30263,New,2019,I,13767.0
21073,New,2019,I,13767.0
21073,New,2019,I,13767.0
20991,New,2016,I,14595.0
21466,New,2017,I,12580.0
47275,New,2019,I,14103.2314
21466,New,2018,I,14610.0
22317,New,2019,I,13767.0
21466,New,2017,I,12580.0
21466,New,2018,I,14610.0
21466,New,2018,I,14610.0
47275,New,2019,I,14103.2314
22317,New,2019,I,13767.0
21466,New,2018,I,14610.0
47275,New,2019,I,14103.2314
21073,New,2019,I,13767.0
47275,New,2019,I,14103.2314
22317,New,2019,I,13767.0
20991,New,2016,I,14595.0
20991,New,2016,I,14595.0
30263,New,2019,I,13767.0
21466,New,2017,I,12580.0
21466,New,2017,I,12580.0
21073,New,2019,I,13767.0
20991,New,2016,I,14595.0
47275,New,2019,I,14103.2314
20991,New,2016,I,14595.0
21466,New,2017,I,12580.0
20991,New,2016,I,14595.0
21073,New,2019,I,13767.0
20991,New,2016,I,14595.0
21466,New,2018,I,14610.0
20991,New,2016,I,14595.0
21073,New,2019,I,13767.0
22317,New,2019,I,13767.0
30263,New,2019,I,13767.0
21466,New,2018,I,14610.0
20991,New,2016,I,14595.0
20991,New,2016,I,14595.0
30263,New,2019,I,13767.0
30263,New,2019,I,13767.0
22317,New,2019,I,13767.0
21466,New,2018,I,14610.0
30263,New,2019,I,13767.0
47275,New,2019,I,14103.2314
47275,New,2019,I,14103.2314
22317,New,2019,I,13767.0
21073,New,2019,I,13767.0
20991,New,2016,I,14595.0
21073,New,2019,I,13767.0
21466,New,2018,I,14610.0
30263,New,2019,I,13767.0
47275,New,2019,I,14103.2314
21466,New,2018,I,14610.0
20991,New,2016,I,14595.0
47275,New,2019,I,14103.2314
21466,New,2018,I,14610.0
22317,New,2019,I,13767.0
21466,New,2017,I,12580.0
47275,New,2019,I,14103.2314
20991,New,2016,I,14595.0
21466,New,2017,I,12580.0
47275,New,2019,I,14103.2314
22317,New,2019,I,13767.0
21466,New,2017,I,12580.0
30263,New,2019,I,13767.0
22317,New,2019,I,13767.0
21466,New,2018,I,14610.0
47275,New,2019,I,14103.2314
21466,New,2018,I,14610.0
22317,New,2019,I,13767.0
22317,New,2019,I,13767.0
21466,New,2018,I,14610.0
47275,New,2019,I,14103.2314
22317,New,2019,I,13767.0
47275,New,2019,I,14103.2314
20991,New,2016,I,14595.0
20991,New,2016,I,14595.0
21073,New,2019,I,13767.0
21073,New,2019,I,13767.0
20991,New,2016,I,14595.0
30263,New,2019,I,13767.0
47275,New,2019,I,14103.2314
21466,New,2018,I,14610.0
21073,New,2019,I,13767.0
21073,New,2019,I,13767.0
47275,New,2019,I,14103.2314
30263,New,2019,I,13767.0
21466,New,2018,I,14610.0
20991,New,2016,I,14595.0
20991,New,2016,I,14595.0
22317,New,2019,I,13767.0
21073,New,2019,I,13767.0
22317,New,2019,I,13767.0
22317,New,2019,I,13767.0
47275,New,2019,I,14103.2314
21466,New,2017,I,12580.0
30263,New,2019,I,13767.0
20991,New,2016,I,14595.0
21073,New,2019,I,13767.0
21073,New,2019,I,13767.0
21073,New,2019,I,13767.0
47275,New,2019,I,14103.2314
47275,New,2019,I,14103.2314
21466,New,2017,I,12580.0
47275,New,2019,I,14103.2314
21466,New,2017,I,12580.0
21466,New,2018,I,14610.0
22317,New,2019,I,13767.0
30263,New,2019,I,13767.0
22317,New,2019,I,13767.0
22317,New,2019,I,13767.0
20991,New,2016,I,14595.0
21466,New,2017,I,12580.0
30263,New,2019,I,13767.0
21466,New,2017,I,12580.0
47275,New,2019,I,14103.2314
47275,New,2019,I,14103.2314
20991,New,2016,I,14595.0
47275,New,2019,I,14103.2314
30263,New,2019,I,13767.0
20991,New,2016,I,14595.0
21466,New,2017,I,12580.0
30263,New,2019,I,13767.0
20991,New,2016,I,14595.0
21073,New,2019,I,13767.0
22317,New,2019,I,13767.0
30263,New,2019,I,13767.0
47275,New,2019,I,14103.2314
47275,New,2019,I,14103.2314
21073,New,2019,I,13767.0
21466,New,2018,I,14610.0
22317,New,2019,I,13767.0
21073,New,2019,I,13767.0
47275,New,2019,I,14103.2314
21073,New,2019,I,13767.0
21466,New,2017,I,12580.0
22317,New,2019,I,13767.0
20991,New,2016,I,14595.0
30263,New,2019,I,13767.0
21466,New,2017,I,12580.0
21466,New,2018,I,14610.0
20991,New,2016,I,14595.0
20991,New,2016,I,14595.0
22317,New,2019,I,13767.0
21466,New,2018,I,14610.0
20991,New,2016,I,14595.0
21466,New,2017,I,12580.0
21073,New,2019,I,13767.0
22317,New,2019,I,13767.0
21466,New,2017,I,12580.0
20991,New,2016,I,14595.0
20991,New,2016,I,14595.0
22317,New,2019,I,13767.0
22317,New,2019,I,13767.0
30263,New,2019,I,13767.0
20991,New,2016,I,14595.0
21466,New,2018,I,14610.0
30263,New,2019,I,13767.0
21466,New,2018,I,14610.0
21073,New,2019,I,13767.0
47275,New,2019,I,14103.2314
21466,New,2018,I,14610.0
21073,New,2019,I,13767.0
21466,New,2017,I,12580.0
21073,New,2019,I,13767.0
20991,New,2016,I,14595.0
21073,New,2019,I,13767.0
21073,New,2019,I,13767.0
20991,New,2016,I,14595.0
20991,New,2016,I,14595.0
47275,New,2019,I,14103.2314
30263,New,2019,I,13767.0
22317,New,2019,I,13767.0
20991,New,2016,I,14595.0
30263,New,2019,I,13767.0
21073,New,2019,I,13767.0
21073,New,2019,I,13767.0
21466,New,2017,I,12580.0
21073,New,2019,I,13767.0
21073,New,2019,I,13767.0
20991,New,2016,I,14595.0
47275,New,2019,I,14103.2314
47275,New,2019,I,14103.2314
21073,New,2019,I,13767.0
21466,New,2017,I,12580.0
47275,New,2019,I,14103.2314
21073,New,2019,I,13767.0
47275,New,2019,I,14103.2314
20991,New,2016,I,14595.0
20991,New,2016,I,14595.0
20991,New,2016,I,14595.0
47275,New,2019,I,14103.2314
21073,New,2019,I,13767.0
21466,New,2018,I,14610.0
20991,New,2016,I,14595.0
21073,New,2019,I,13767.0
20991,New,2016,I,14595.0
21073,New,2019,I,13767.0
20991,New,2016,I,14595.0
20991,New,2016,I,14595.0
47275,New,2019,I,14103.2314
20991,New,2016,I,14595.0
47275,New,2019,I,14103.2314
21466,New,2018,I,14610.0
21073,New,2019,I,13767.0
21466,New,2018,I,14610.0
22317,New,2019,I,13767.0
21073,New,2019,I,13767.0
21466,New,2018,I,14610.0
47275,New,2019,I,14103.2314
20991,New,2016,I,14595.0
21466,New,2018,I,14610.0
21073,New,2019,I,13767.0
47275,New,2019,I,14103.2314
21466,New,2017,I,12580.0
21073,New,2019,I,13767.0
47275,New,2019,I,14103.2314
21073,New,2019,I,13767.0
20991,New,2016,I,14595.0
21073,New,2019,I,13767.0
47275,New,2019,I,14103.2314
47275,New,2019,I,14103.2314
21073,New,2019,I,13767.0
20991,New,2016,I,14595.0
20991,New,2016,I,14595.0
21073,New,2019,I,13767.0
47275,New,2019,I,14103.2314
21466,New,2017,I,12580.0
21466,New,2018,I,14610.0
22317,New,2019,I,13767.0
30263,New,2019,I,13767.0
21466,New,2018,I,14610.0
22317,New,2019,I,13767.0
21073,New,2019,I,13767.0
21073,New,2019,I,13767.0
30263,New,2019,I,13767.0
21466,New,2017,I,12580.0
20991,New,2016,I,14595.0
20991,New,2016,I,14595.0
47275,New,2019,I,14103.2314
21466,New,2017,I,12580.0
22317,New,2019,I,13767.0
30263,New,2019,I,13767.0
20991,New,2016,I,14595.0
30263,New,2019,I,13767.0
20991,New,2016,I,14595.0
21466,New,2017,I,12580.0
21466,New,2018,I,14610.0
20991,New,2016,I,14595.0
21073,New,2019,I,13767.0
21466,New,2018,I,14610.0
20991,New,2016,I,14595.0
22317,New,2019,I,13767.0
21073,New,2019,I,13767.0
21466,New,2018,I,14610.0
21466,New,2017,I,12580.0
47275,New,2019,I,14103.2314
22317,New,2019,I,13767.0
21073,New,2019,I,13767.0
30263,New,2019,I,13767.0
30263,New,2019,I,13767.0
22317,New,2019,I,13767.0
47275,New,2019,I,14103.2314
30263,New,2019,I,13767.0
22317,New,2019,I,13767.0
20991,New,2016,I,14595.0
22317,New,2019,I,13767.0
22317,New,2019,I,13767.0
21466,New,2018,I,14610.0
21466,New,2017,I,12580.0
30263,New,2019,I,13767.0
22317,New,2019,I,13767.0
47275,New,2019,I,14103.2314
20991,New,2016,I,14595.0
21466,New,2017,I,12580.0
21073,New,2019,I,13767.0
30263,New,2019,I,13767.0
47275,New,2019,I,14103.2314
21466,New,2018,I,14610.0
21466,New,2017,I,12580.0
22317,New,2019,I,13767.0
30263,New,2019,I,13767.0
20991,New,2016,I,14595.0
22317,New,2019,I,13767.0
21466,New,2018,I,14610.0
21466,New,2018,I,14610.0
20991,New,2016,I,14595.0
20991,New,2016,I,14595.0
30263,New,2019,I,13767.0
47275,New,2019,I,14103.2314
47275,New,2019,I,14103.2314
21073,New,2019,I,13767.0
21073,New,2019,I,13767.0
20991,New,2016,I,14595.0
47275,New,2019,I,14103.2314
21073,New,2019,I,13767.0
47275,New,2019,I,14103.2314
47275,New,2019,I,14103.2314
21466,New,2018,I,14610.0
21466,New,2018,I,14610.0
47275,New,2019,I,14103.2314
21073,New,2019,I,13767.0
47275,New,2019,I,14103.2314
30263,New,2019,I,13767.0
21466,New,2018,I,14610.0
47275,New,2019,I,14103.2314
21466,New,2018,I,14610.0
21466,New,2017,I,12580.0
47275,New,2019,I,14103.2314
21073,New,2019,I,13767.0
21073,New,2019,I,13767.0
21466,New,2017,I,12580.0
21466,New,2018,I,14610.0
47275,New,2019,I,14103.2314
30263,New,2019,I,13767.0
47275,New,2019,I,14103.2314
21466,New,2017,I,12580.0
47275,New,2019,I,14103.2314
22317,New,2019,I,13767.0
22317,New,2019,I,13767.0
47275,New,2019,I,14103.2314
21466,New,2017,I,12580.0
30263,New,2019,I,13767.0
21466,New,2017,I,12580.0
47275,New,2019,I,14103.2314
47275,New,2019,I,14103.2314
21466,New,2018,I,14610.0
21073,New,2019,I,13767.0
47275,New,2019,I,14103.2314
20991,New,2016,I,14595.0
30263,New,2019,I,13767.0
47275,New,2019,I,14103.2314
22317,New,2019,I,13767.0
21466,New,2017,I,12580.0
21073,New,2019,I,13767.0
21466,New,2018,I,14610.0
21073,New,2019,I,13767.0
30263,New,2019,I,13767.0
21466,New,2017,I,12580.0
21466,New,2018,I,14610.0
21073,New,2019,I,13767.0
47275,New,2019,I,14103.2314
21466,New,2018,I,14610.0
30263,New,2019,I,13767.0
30263,New,2019,I,13767.0
30263,New,2019,I,13767.0
21466,New,2018,I,14610.0
20991,New,2016,I,14595.0
22317,New,2019,I,13767.0
22317,New,2019,I,13767.0
22317,New,2019,I,13767.0
21466,New,2018,I,14610.0
21466,New,2018,I,14610.0
22317,New,2019,I,13767.0
20991,New,2016,I,14595.0
21466,New,2017,I,12580.0
21073,New,2019,I,13767.0
21466,New,2017,I,12580.0
21466,New,2018,I,14610.0
21466,New,2018,I,14610.0
30263,New,2019,I,13767.0
47275,New,2019,I,14103.2314
22317,New,2019,I,13767.0
21073,New,2019,I,13767.0
21073,New,2019,I,13767.0
21466,New,2017,I,12580.0
21466,New,2018,I,14610.0
47275,New,2019,I,14103.2314
30263,New,2019,I,13767.0
20991,New,2016,I,14595.0
30263,New,2019,I,13767.0
20991,New,2016,I,14595.0
21466,New,2018,I,14610.0
47275,New,2019,I,14103.2314
20991,New,2016,I,14595.0
21073,New,2019,I,13767.0
22317,New,2019,I,13767.0
22317,New,2019,I,13767.0
21073,New,2019,I,13767.0
47275,New,2019,I,14103.2314
22317,New,2019,I,13767.0
21073,New,2019,I,13767.0
30263,New,2019,I,13767.0
21466,New,2018,I,14610.0
47275,New,2019,I,14103.2314
21466,New,2018,I,14610.0
21466,New,2017,I,12580.0
47275,New,2019,I,14103.2314
47275,New,2019,I,14103.2314
22317,New,2019,I,13767.0
47275,New,2019,I,14103.2314
21073,New,2019,I,13767.0
30263,New,2019,I,13767.0
21466,New,2018,I,14610.0
21073,New,2019,I,13767.0
30263,New,2019,I,13767.0
47275,New,2019,I,14103.2314
22317,New,2019,I,13767.0
21466,New,2018,I,14610.0
30263,New,2019,I,13767.0
20991,New,2016,I,14595.0
47275,New,2019,I,14103.2314
21466,New,2018,I,14610.0
30263,New,2019,I,13767.0
21466,New,2017,I,12580.0
30263,New,2019,I,13767.0
21466,New,2017,I,12580.0
47275,New,2019,I,14103.2314
20991,New,2016,I,14595.0
20991,New,2016,I,14595.0
21073,New,2019,I,13767.0
47275,New,2019,I,14103.2314
30263,New,2019,I,13767.0
22317,New,2019,I,13767.0
22317,New,2019,I,13767.0
20991,New,2016,I,14595.0
22317,New,2019,I,13767.0
47275,New,2019,I,14103.2314
21466,New,2017,I,12580.0
21073,New,2019,I,13767.0
22317,New,2019,I,13767.0
22317,New,2019,I,13767.0
22317,New,2019,I,13767.0
22317,New,2019,I,13767.0
21466,New,2018,I,14610.0
22317,New,2019,I,13767.0
30263,New,2019,I,13767.0
21073,New,2019,I,13767.0
20991,New,2016,I,14595.0
21073,New,2019,I,13767.0
21466,New,2018,I,14610.0
21073,New,2019,I,13767.0
21073,New,2019,I,13767.0
30263,New,2019,I,13767.0
21466,New,2018,I,14610.0
47275,New,2019,I,14103.2314
21466,New,2017,I,12580.0
30263,New,2019,I,13767.0
47275,New,2019,I,14103.2314
30263,New,2019,I,13767.0
22317,New,2019,I,13767.0
30263,New,2019,I,13767.0
21073,New,2019,I,13767.0
47275,New,2019,I,14103.2314
21466,New,2018,I,14610.0
21466,New,2017,I,12580.0
20991,New,2016,I,14595.0
21073,New,2019,I,13767.0
20991,New,2016,I,14595.0
21466,New,2018,I,14610.0
22317,New,2019,I,13767.0
21073,New,2019,I,13767.0
22317,New,2019,I,13767.0
20991,New,2016,I,14595.0
22317,New,2019,I,13767.0
30263,New,2019,I,13767.0
20991,New,2016,I,14595.0
21466,New,2017,I,12580.0
21466,New,2017,I,12580.0
20991,New,2016,I,14595.0
22317,New,2019,I,13767.0
21466,New,2018,I,14610.0
21466,New,2017,I,12580.0
20991,New,2016,I,14595.0
20991,New,2016,I,14595.0
47275,New,2019,I,14103.2314
21073,New,2019,I,13767.0
21466,New,2017,I,12580.0
20991,New,2016,I,14595.0
47275,New,2019,I,14103.2314
20991,New,2016,I,14595.0
21466,New,2018,I,14610.0
22317,New,2019,I,13767.0
21073,New,2019,I,13767.0
21466,New,2018,I,14610.0
21466,New,2017,I,12580.0
47275,New,2019,I,14103.2314
20991,New,2016,I,14595.0
47275,New,2019,I,14103.2314
21073,New,2019,I,13767.0
21466,New,2017,I,12580.0
22317,New,2019,I,13767.0
20991,New,2016,I,14595.0
22317,New,2019,I,13767.0
21466,New,2017,I,12580.0
21466,New,2017,I,12580.0
22317,New,2019,I,13767.0
47275,New,2019,I,14103.2314
21073,New,2019,I,13767.0
21073,New,2019,I,13767.0
47275,New,2019,I,14103.2314
21466,New,2018,I,14610.0
21466,New,2017,I,12580.0
21466,New,2017,I,12580.0
20991,New,2016,I,14595.0
47275,New,2019,I,14103.2314
20991,New,2016,I,14595.0
20991,New,2016,I,14595.0
21466,New,2018,I,14610.0
21466,New,2017,I,12580.0
21466,New,2018,I,14610.0
21073,New,2019,I,13767.0
30263,New,2019,I,13767.0
22317,New,2019,I,13767.0
30263,New,2019,I,13767.0
20991,New,2016,I,14595.0
47275,New,2019,I,14103.2314
47275,New,2019,I,14103.2314
20991,New,2016,I,14595.0
21466,New,2017,I,12580.0
21466,New,2017,I,12580.0
30263,New,2019,I,13767.0
21466,New,2018,I,14610.0
21466,New,2017,I,12580.0
30263,New,2019,I,13767.0
22317,New,2019,I,13767.0
22317,New,2019,I,13767.0
21073,New,2019,I,13767.0
47275,New,2019,I,14103.2314
21466,New,2018,I,14610.0
20991,New,2016,I,14595.0
21073,New,2019,I,13767.0
21466,New,2017,I,12580.0
20991,New,2016,I,14595.0
20991,New,2016,I,14595.0
21073,New,2019,I,13767.0
21466,New,2017,I,12580.0
21466,New,2018,I,14610.0
21466,New,2017,I,12580.0
21466,New,2018,I,14610.0
21073,New,2019,I,13767.0
22317,New,2019,I,13767.0
21466,New,2017,I,12580.0
47275,New,2019,I,14103.2314
47275,New,2019,I,14103.2314
21466,New,2017,I,12580.0
22317,New,2019,I,13767.0
20991,New,2016,I,14595.0
22317,New,2019,I,13767.0
47275,New,2019,I,14103.2314
20991,New,2016,I,14595.0
21466,New,2017,I,12580.0
21466,New,2017,I,12580.0
21073,New,2019,I,13767.0
21466,New,2018,I,14610.0
21466,New,2017,I,12580.0
21466,New,2017,I,12580.0
21073,New,2019,I,13767.0
22317,New,2019,I,13767.0
47275,New,2019,I,14103.2314
22317,New,2019,I,13767.0
21466,New,2018,I,14610.0
21466,New,2017,I,12580.0
21073,New,2019,I,13767.0
20991,New,2016,I,14595.0
21466,New,2017,I,12580.0
22317,New,2019,I,13767.0
47275,New,2019,I,14103.2314
47275,New,2019,I,14103.2314
20991,New,2016,I,14595.0
21073,New,2019,I,13767.0
22317,New,2019,I,13767.0
21466,New,2017,I,12580.0
20991,New,2016,I,14595.0
56687,Used,2016,I,14845.4167
20991,Used,2013,I,8509.8333
20406,Used,2014,I,14786.3333
22101,Used,2014,I,14995.0
22191,Used,2014,I,12342.0
21050,Used,2014,I,14388.9286
53260,Used,2015,I,10076.8276
56687,Used,2016,I,14845.4167
46183,Used,2017,I,14320.6667
21128,Used,2015,I,13119.5
56687,Used,2016,I,14279.1818
21368,Used,2013,I,9008.0
51887,Used,2013,I,12616.7931
40463,Used,2013,I,10271.6923
52109,Used,2015,I,8498.4643
21828,Used,2018,I,11979.4118
51868,Used,2016,I,12987.0
21758,Used,2015,I,11956.0
30019417,Used,2016,I,11784.6815
20496,Used,2013,I,14482.0
57387,Used,2014,I,8702.5
21165,Used,2015,I,14598.7083
20663,Used,2013,I,8270.5217
42324,Used,2015,I,8995.0
21828,Used,2015,I,11498.0
35969,Used,2014,I,9657.5
42324,Used,2014,I,7821.8571
22164,Used,2013,I,10622.8
51887,Used,2014,I,12993.0645
47275,Used,2017,I,10334.0
51005,Used,2013,I,13697.5
21766,Used,2014,I,10291.8636
21831,Used,2013,I,14864.5
47275,Used,2013,I,6509.4
48704,Used,2013,I,14756.92
21758,Used,2016,I,14415.3333
52109,Used,2018,I,13574.1667
21970,Used,2014,I,10967.0
22380,Used,2013,I,13930.25
20303,Used,2017,I,14488.5
42464,Used,2016,I,12707.88
35967,Used,2014,I,11761.5862
56687,Used,2016,I,14845.4167
21242,Used,2013,I,10981.2857
52109,Used,2017,I,10796.3492
21893,Used,2013,I,8510.5
56530,Used,2015,I,13515.2857
21828,Used,2014,I,8423.0
21878,Used,2015,I,14659.0
47568,Used,2016,I,13808.4
20605,Used,2019,I,14886.5
21766,Used,2015,I,14943.0
21758,Used,2013,I,11163.3125
56530,Used,2014,I,12997.0
21291,Used,2014,I,11956.0
45843,Used,2016,I,10998.0
20303,Used,2016,I,13944.5
43523,Used,2015,I,13430.7059
20788,Used,2015,I,14938.5
47568,Used,2013,I,8936.2727
36083,Used,2014,I,13147.9286
35964,Used,2013,I,14762.3
21378,Used,2015,I,13060.5
49403,Used,2013,I,9170.8889
42464,Used,2015,I,11362.1429
52109,Used,2018,I,12336.5
42464,Used,2015,I,11450.0
20848,Used,2015,I,13199.5
47567,Used,2013,I,10944.7333
43523,Used,2015,I,13430.7059
27321,Used,2013,I,11788.4426
30003493,Used,2016,I,13428.2416
52670,Used,2014,I,7981.6667
22341,Used,2013,I,8099.6154
21242,Used,2016,I,14115.7333
21295,Used,2013,I,11392.75
22331,Used,2018,I,14900.0
21368,Used,2013,I,9008.0
35968,Used,2014,I,9051.5
22274,Used,2019,I,11496.0
49085,Used,2013,I,9353.2051
50644,Used,2014,I,11613.0385
21361,Used,2013,I,7848.25
21834,Used,2013,I,12328.4444
21368,Used,2014,I,8897.5
21050,Used,2014,I,14388.9286
21361,Used,2014,I,9777.1429
52109,Used,2016,I,9713.2
21165,Used,2015,I,14598.7083
22191,Used,2014,I,12342.0
51868,Used,2019,I,14950.0
46183,Used,2013,I,10522.5625
34227059,Used,2017,I,8534.7778
21164,Used,2017,I,14403.5263
35969,Used,2013,I,8873.0769
52670,Used,2015,I,11667.7692
28283,Used,2013,I,8167.5
22331,Used,2017,I,13518.0
20605,Used,2018,I,14015.3333
35025,Used,2014,I,10408.0
21758,Used,2016,I,14415.3333
21105,Used,2014,I,14000.0
35025,Used,2014,I,10408.0
20658,Used,2013,I,13530.0
35363,Used,2014,I,13247.5
21878,Used,2013,I,10325.0
20483,Used,2015,I,10234.25
51006,Used,2015,I,12959.4375
21361,Used,2014,I,9777.1429
21828,Used,2018,I,12418.5
22402,Used,2013,I,10046.1818
21764,Used,2014,I,14535.2857
30032338,Used,2016,I,14767.3667
21828,Used,2017,I,11193.9
35967,Used,2014,I,13951.5
21447,Used,2014,I,12205.2
35967,Used,2013,I,10777.7333
20658,Used,2013,I,13530.0
21164,Used,2016,I,11853.0141
50644,Used,2014,I,11613.0385
20406,Used,2013,I,13042.6667
34227059,Used,2018,I,11491.0
20406,Used,2013,I,13042.6667
51868,Used,2014,I,9927.6154
51868,Used,2016,I,12987.0
51006,Used,2015,I,12959.4375
40463,Used,2013,I,10271.6923
42324,Used,2015,I,9116.6667
35968,Used,2017,I,14880.0
20891,Used,2014,I,13956.2737
57447,Used,2015,I,14467.5
20658,Used,2014,I,14915.0
49403,Used,2014,I,10630.0649
42464,Used,2015,I,11450.0
20891,Used,2013,I,11691.1667
48964,Used,2014,I,13039.6667
43344,Used,2013,I,11265.7778
53187,Used,2015,I,10207.125
35968,Used,2016,I,13348.5
38203,Used,2013,I,10664.0
21896,Used,2014,I,12253.5714
21138,Used,2015,I,9514.4211
20605,Used,2019,I,14886.5
22191,Used,2014,I,12342.0
21828,Used,2013,I,7073.0
51887,Used,2014,I,12993.0645
20848,Used,2015,I,14610.3784
35084961,Used,2018,I,13500.3592
35363,Used,2016,I,14560.6364
57387,Used,2013,I,7791.7419
35025,Used,2015,I,13993.1
22331,Used,2017,I,13518.0
53187,Used,2014,I,8694.4364
35084961,Used,2018,I,14254.3889
20483,Used,2015,I,11000.0
43344,Used,2014,I,14241.0
21758,Used,2015,I,12474.5294
36083,Used,2014,I,13147.9286
39583,Used,2014,I,12772.5
35025,Used,2014,I,12100.2727
50644,Used,2013,I,11790.3
22274,Used,2018,I,10679.0
45303,Used,2013,I,8056.5926
22379,Used,2014,I,13462.3333
53260,Used,2016,I,9824.4824
40463,Used,2015,I,14132.3125
20303,Used,2016,I,13944.5
53260,Used,2016,I,9824.4824
58167,Used,2014,I,13950.0
21758,Used,2016,I,14415.3333
22341,Used,2014,I,11592.9216
22380,Used,2013,I,13930.25
34227059,Used,2017,I,8534.7778
20663,Used,2014,I,9439.7833
47275,Used,2013,I,6509.4
21828,Used,2013,I,7073.0
51868,Used,2014,I,8786.5
42803,Used,2016,I,7050.8143
27841,Used,2014,I,14556.2857
38163,Used,2014,I,13809.0
20596,Used,2013,I,12120.0
34227059,Used,2018,I,11491.0
20658,Used,2014,I,14915.0
21368,Used,2013,I,9008.0
35967,Used,2016,I,14650.0588
20848,Used,2015,I,14610.3784
21758,Used,2017,I,14721.6667
53260,Used,2016,I,9824.4824
43523,Used,2017,I,14292.6
21758,Used,2015,I,11956.0
20658,Used,2014,I,14915.0
21295,Used,2013,I,11392.75
21466,Used,2014,I,5977.4444
20891,Used,2015,I,12039.5556
51868,Used,2015,I,11165.1111
35965,Used,2014,I,6987.36
21404,Used,2014,I,9250.0
35967,Used,2015,I,14179.3667
21896,Used,2014,I,12253.5714
21138,Used,2015,I,9514.4211
35968,Used,2017,I,14880.0
42464,Used,2015,I,11450.0
20596,Used,2013,I,12120.0
51887,Used,2013,I,12616.7931
49085,Used,2014,I,9395.8462
21916,Used,2013,I,11978.6
52109,Used,2018,I,12336.5
46183,Used,2014,I,11103.0
22274,Used,2017,I,9383.45
52109,Used,2016,I,9713.2
21050,Used,2014,I,14388.9286
42464,Used,2014,I,10224.012
47843,Used,2013,I,11985.0
28283,Used,2013,I,8167.5
57087,Used,2016,I,13246.2817
20749,Used,2013,I,14766.7143
35968,Used,2016,I,13348.5
51868,Used,2014,I,9927.6154
22164,Used,2013,I,10622.8
21758,Used,2016,I,14415.3333
45303,Used,2014,I,8775.5952
20483,Used,2016,I,10691.8889
21758,Used,2013,I,11163.3125
21878,Used,2014,I,12850.2857
21128,Used,2013,I,8980.3333
20303,Used,2016,I,13944.5
57087,Used,2014,I,10327.5556
51868,Used,2016,I,12987.0
21828,Used,2013,I,7073.0
21758,Used,2014,I,13696.75
56530,Used,2015,I,13133.8454
22191,Used,2013,I,11718.5263
22331,Used,2016,I,11498.8333
46183,Used,2015,I,13650.0
51006,Used,2014,I,13243.4
21136,Used,2014,I,14539.25
50243,Used,2014,I,11348.7143
22191,Used,2013,I,11718.5263
42323,Used,2013,I,9804.3333
40463,Used,2013,I,10271.6923
50243,Used,2014,I,11348.7143
48964,Used,2014,I,13039.6667
21368,Used,2013,I,9008.0
42324,Used,2017,I,11294.1111
21758,Used,2015,I,12474.5294
21165,Used,2013,I,12289.8
22331,Used,2015,I,11032.0
21295,Used,2015,I,11192.5
21295,Used,2013,I,11392.75
21828,Used,2017,I,11000.0
21970,Used,2014,I,10967.0
28283,Used,2014,I,9405.875
21138,Used,2013,I,6924.2
35969,Used,2014,I,9657.5
22331,Used,2015,I,11032.0
34227059,Used,2019,I,12097.6667
42323,Used,2013,I,9804.3333
43523,Used,2017,I,14292.6
21128,Used,2015,I,13119.5
42324,Used,2014,I,7821.8571
21758,Used,2014,I,11264.1364
52670,Used,2015,I,11667.7692
21970,Used,2014,I,10967.0
21447,Used,2013,I,9498.0
47568,Used,2016,I,13808.4
35968,Used,2016,I,13348.5
32883,Used,2014,I,10624.3636
34743,Used,2013,I,14963.7727
22331,Used,2018,I,14900.0
21138,Used,2013,I,6924.2
53260,Used,2017,I,12320.1667
21242,Used,2015,I,13450.7895
56530,Used,2014,I,11662.16
42464,Used,2016,I,12707.88
42464,Used,2015,I,11450.0
48964,Used,2013,I,12679.6667
47275,Used,2015,I,7542.5556
22402,Used,2014,I,11005.0667
21893,Used,2013,I,8510.5
42803,Used,2013,I,6470.0
49403,Used,2015,I,11913.9474
21764,Used,2016,I,14425.7778
52670,Used,2014,I,7981.6667
49403,Used,2013,I,9170.8889
49764,Used,2014,I,11187.1667
21447,Used,2014,I,12205.2
22164,Used,2013,I,10622.8
22274,Used,2015,I,8000.0
21368,Used,2013,I,9008.0
20444,Used,2013,I,13806.9474
32883,Used,2013,I,8839.3421
21488,Used,2013,I,9818.6667
22380,Used,2013,I,13930.25
22274,Used,2015,I,8000.0
35025,Used,2013,I,11815.8462
34227059,Used,2017,I,8534.7778
43523,Used,2017,I,14292.6
20891,Used,2013,I,11691.1667
50903,Used,2013,I,14748.2
21828,Used,2015,I,8959.6
35968,Used,2016,I,13323.3333
22341,Used,2013,I,8099.6154
50644,Used,2013,I,10931.7447
56687,Used,2015,I,12632.8571
27661,Used,2016,I,13033.0
49403,Used,2015,I,10500.0
35363,Used,2014,I,11818.8571
38203,Used,2013,I,10664.0
21758,Used,2014,I,11264.1364
49403,Used,2015,I,10500.0
50643,Used,2014,I,13733.9286
40463,Used,2013,I,10271.6923
26506,Used,2013,I,14949.4074
22331,Used,2014,I,8074.5
20991,Used,2014,I,10233.6667
47567,Used,2014,I,12636.5714
21893,Used,2013,I,8510.5
47843,Used,2013,I,11985.0
21128,Used,2016,I,12713.75
20848,Used,2014,I,12702.0
21242,Used,2016,I,14178.5
20483,Used,2014,I,7087.6667
21249,New,2019,II,28092.9825
21291,Used,2014,I,11956.0
36083,Used,2013,I,12342.6667
35968,Used,2015,I,9406.0
35363,Used,2016,I,14597.5
47275,Used,2013,I,6509.4
21764,Used,2014,I,14535.2857
35968,Used,2016,I,13348.5
20303,Used,2017,I,14614.9231
51005,Used,2013,I,13697.5
21492,Used,2013,I,13845.5862
21105,Used,2014,I,14000.0
21828,Used,2016,I,9502.4
47567,Used,2016,I,14933.3421
21488,Used,2015,I,12087.8571
21165,Used,2015,I,14598.7083
51868,Used,2015,I,11165.1111
35084961,Used,2017,I,13587.6364
21242,Used,2016,I,14115.7333
30028443,Used,2016,I,13450.1707
21466,Used,2015,I,7288.9286
56107,Used,2016,I,12950.1964
20483,Used,2018,I,13100.0
42803,Used,2015,I,6580.8148
51868,Used,2015,I,11165.1111
30003099,Used,2016,I,14429.9048
21828,Used,2015,I,11498.0
21828,Used,2016,I,9502.4
42803,Used,2013,I,6470.0
21447,Used,2015,I,12782.0
27661,Used,2016,I,13033.0
38203,Used,2013,I,10664.0
27321,Used,2014,I,12335.3929
40403,Used,2014,I,14473.75
38203,Used,2013,I,10664.0
35968,Used,2016,I,13323.3333
22191,Used,2013,I,11718.5263
48265,Used,2013,I,14336.0638
20848,Used,2014,I,12702.0
20303,Used,2017,I,14614.9231
21164,Used,2017,I,14403.5263
35363,Used,2015,I,11978.0
49764,Used,2014,I,11187.1667
21878,Used,2015,I,14659.0
43344,Used,2014,I,12844.875
49403,Used,2015,I,11913.9474
36428714,Used,2013,I,14957.1148
35969,Used,2013,I,8873.0769
22248,Used,2013,I,13799.6667
22101,Used,2017,I,14999.0
39583,Used,2015,I,12596.8824
30003099,Used,2016,I,14429.9048
56530,Used,2015,I,13515.2857
35968,Used,2017,I,14566.25
20891,Used,2015,I,12039.5556
20774,Used,2014,I,14142.5
20774,Used,2014,I,14142.5
22379,Used,2014,I,13462.3333
21183,Used,2014,I,12877.4
35967,Used,2013,I,10495.0
38203,Used,2014,I,11051.0
21766,Used,2016,I,14983.2857
49085,Used,2015,I,12559.5
30028443,Used,2016,I,14921.8125
21221,Used,2013,I,12473.8
21758,Used,2013,I,12870.0
45843,Used,2016,I,10998.0
57447,Used,2016,I,11783.875
35968,Used,2015,I,9406.0
52109,Used,2019,I,14896.0
22401,Used,2014,I,11283.7
43344,Used,2017,I,14679.0
21295,Used,2013,I,11392.75
56687,Used,2015,I,12146.0
35965,Used,2013,I,6521.7692
21766,Used,2017,I,14125.0833
22274,Used,2018,I,10679.0
35968,Used,2013,I,8062.0
21404,Used,2014,I,9250.0
52109,Used,2016,I,9713.2
57387,Used,2014,I,8702.5
42323,Used,2015,I,12056.9091
52109,Used,2016,I,9270.0
40463,Used,2014,I,12102.0
21878,Used,2014,I,12850.2857
22402,Used,2013,I,10046.1818
34643,Used,2013,I,5300.0
21403,Used,2013,I,14640.9149
22191,Used,2013,I,11718.5263
35968,Used,2015,I,9406.0
21758,Used,2014,I,11264.1364
21291,Used,2014,I,11956.0
20663,Used,2014,I,11545.5
35363,Used,2016,I,14560.6364
35968,Used,2015,I,9406.0
42803,Used,2014,I,6097.5
21242,Used,2015,I,13547.0
21896,Used,2014,I,12253.5714
22341,Used,2013,I,8099.6154
30032338,Used,2016,I,14767.3667
49085,Used,2016,I,13916.566
20848,Used,2013,I,11556.9412
21295,Used,2013,I,11392.75
35363,Used,2014,I,11818.8571
21878,Used,2013,I,10325.0
58488,New,2019,II,25676.4286
21740,New,2018,II,24531.6667
21900,New,2019,II,17230.0
20483,New,2019,II,19337.9524
36321969,New,2019,II,29872.1974
21828,New,2019,II,16243.088
22084,New,2018,II,26728.3333
34227059,New,2018,II,18736.4
53260,New,2018,II,25070.25
21460,New,2018,II,29006.1
20823,New,2018,II,21853.0
27661,New,2018,II,25841.3
36321969,New,2019,II,29872.1974
52670,New,2019,II,23458.7206
20823,New,2019,II,22938.7207
30000208,New,2018,II,27655.0
35084748,New,2018,II,20011.0
30003099,New,2019,II,27241.0
52670,New,2018,II,25295.0
21065,New,2020,II,29837.2927
20864,New,2019,II,25954.3787
43344,New,2018,II,28999.0
35864320,New,2019,II,29568.0935
22358,New,2019,II,17066.0
21413,New,2019,II,23756.6415
36284899,New,2018,II,23602.3125
49764,New,2019,II,21962.193
21053,New,2019,II,18833.2778
21460,New,2018,II,29006.1
52187,New,2018,II,28971.2
21413,New,2018,II,24843.5
28323,New,2019,II,19812.9833
33910101,New,2019,II,26721.3354
36301312,New,2019,II,26036.3125
28203,New,2019,II,24244.3836
33484310,New,2019,II,29914.506
30028443,New,2019,II,17230.0
22095,New,2020,II,27247.3667
36417341,New,2019,II,22744.9943
21146,New,2019,II,16473.875
20605,New,2019,II,16879.3361
20277,New,2019,II,17230.0
52187,New,2018,II,28971.2
52670,New,2019,II,23458.7206
27761,New,2019,II,20974.25
33484310,New,2019,II,29914.506
35026,New,2019,II,20038.975
40463,New,2018,II,25200.1667
36321969,New,2018,II,28003.0588
57328,New,2018,II,25885.0
21088,New,2019,II,26512.3167
42324,New,2018,II,19841.0
21828,New,2018,II,16201.3333
57328,New,2019,II,20972.8588
58488,New,2019,II,25676.4286
28203,New,2020,II,26551.3125
36362537,New,2019,II,23024.9186
36362434,New,2020,II,27998.0
21740,New,2018,II,24531.6667
20626,New,2020,II,26241.6667
21065,New,2019,II,27109.2857
36273890,New,2019,II,29756.6989
36586990,New,2019,II,25001.6951
52670,New,2019,II,23458.7206
36301312,New,2018,II,26095.0
36273890,New,2019,II,29756.6989
21828,New,2018,II,16201.3333
21446,New,2018,II,26125.0
21447,New,2019,II,28041.5146
30000373,New,2018,II,23616.2
42323,New,2020,II,22471.6667
21899,New,2020,II,28576.8235
28203,New,2019,II,24244.3836
51868,New,2019,II,21721.5538
36283124,New,2019,II,24013.812
21088,New,2019,II,26512.3167
33910101,New,2019,II,26721.3354
43523,New,2018,II,21938.7778
28203,New,2017,II,27135.0
21712,New,2018,II,29455.0
22265,New,2019,II,29109.2389
21413,New,2020,II,25289.6667
35363,New,2016,II,23625.0
36301312,New,2018,II,26095.0
36301312,New,2018,II,26095.0
20626,New,2019,II,27319.1667
22146,New,2018,II,24863.0
30003099,New,2019,II,27241.0
33484310,New,2019,II,29914.506
47843,New,2019,II,28367.2289
28203,New,2020,II,26551.3125
34227059,New,2018,II,18736.4
22345,New,2019,II,17230.0
20605,New,2020,II,17726.5
27361,New,2019,II,27293.1087
51868,New,2018,II,20084.3333
28203,New,2020,II,26551.3125
21249,New,2018,II,29078.5714
20605,New,2018,II,19555.0
36714179,New,2019,II,26534.8722
30000208,New,2019,II,23707.6233
35966,New,2019,II,22093.7386
36301312,New,2019,II,26036.3125
28203,New,2018,II,26925.0
21490,New,2017,II,19730.0
20861,New,2020,II,22253.2092
22302,New,2019,II,24054.9611
39583,New,2018,II,24489.75
22084,New,2018,II,26728.3333
30000373,New,2019,II,24457.275
21446,New,2018,II,26125.0
20864,New,2018,II,26438.7273
35363,New,2016,II,23625.0
22095,New,2019,II,24590.8148
35026,New,2018,II,23437.1429
57447,New,2016,II,23075.3333
35363,New,2016,II,23625.0
51868,New,2019,II,21721.5538
22274,New,2019,II,15964.3906
21446,New,2018,II,26125.0
36363005,New,2018,II,20599.0
21242,New,2019,II,25506.4783
21065,New,2018,II,26509.0
57447,New,2017,II,20008.8333
51868,New,2016,II,21995.0
30000208,New,2018,II,27655.0
21413,New,2020,II,25289.6667
21758,New,2018,II,26853.0
28203,New,2019,II,24244.3836
21775,New,2019,II,15490.0
20823,New,2018,II,21853.0
35966,New,2019,II,22093.7386
20605,New,2019,II,16879.3361
27321,New,2017,II,29779.0
30003099,New,2019,II,27241.0
53260,New,2019,II,28025.8148
22274,New,2019,II,15964.3906
30031770,New,2019,II,27060.8961
47567,New,2018,II,21955.2
21775,New,2019,II,15490.0
28203,New,2018,II,26925.0
21490,New,2017,II,19730.0
20605,New,2020,II,17726.5
35026,New,2018,II,23437.1429
36321969,New,2019,II,29872.1974
36284899,New,2019,II,22361.6585
21145,New,2019,II,27288.0455
56807,New,2019,II,24097.3824
20277,New,2019,II,17230.0
21065,New,2018,II,26509.0
21758,New,2018,II,26853.0
36620337,New,2020,II,23619.1833
20626,New,2020,II,26241.6667
22095,New,2018,II,25752.6667
57328,New,2018,II,25885.0
35966,New,2019,II,22093.7386
21138,New,2018,II,20170.0556
21446,New,2018,II,26125.0
52187,New,2018,II,28971.2
22265,New,2019,II,29109.2389
21145,New,2019,II,27288.0455
22084,New,2018,II,26728.3333
22353,New,2019,II,17230.0
21242,New,2019,II,25506.4783
21175,New,2018,II,20662.5
52670,New,2018,II,25295.0
22265,New,2019,II,29109.2389
33484310,New,2019,II,29914.506
21146,New,2018,II,17498.5833
58488,New,2019,II,25676.4286
21071,New,2019,II,24136.9441
21446,New,2017,II,19730.0
52670,New,2018,II,25295.0
21490,New,2017,II,19730.0
43344,New,2018,II,28999.0
21899,New,2020,II,28576.8235
36293534,New,2018,II,22844.0
47567,New,2018,II,21955.2
20626,New,2019,II,27319.1667
27321,New,2017,II,29779.0
51868,New,2016,II,21995.0
47567,New,2018,II,21955.2
20814,New,2019,II,27170.45
33484310,New,2017,II,23983.0
21300,New,2020,II,29270.0
20605,New,2018,II,19555.0
33910101,New,2019,II,26721.3354
51868,New,2016,II,21995.0
21446,New,2019,II,25356.5028
21742,New,2019,II,26065.7159
36620337,New,2020,II,23619.1833
33910101,New,2019,II,26721.3354
22146,New,2018,II,24863.0
21413,New,2018,II,24843.5
56208,New,2017,II,29989.0
21065,New,2018,II,26509.0
42323,New,2020,II,22471.6667
21138,New,2018,II,20170.0556
28283,New,2019,II,15490.0
28203,New,2019,II,24244.3836
35966,New,2019,II,22093.7386
35084748,New,2018,II,20011.0
36293534,New,2018,II,22844.0
21285,New,2019,II,21924.6722
27361,New,2019,II,27293.1087
35363,New,2016,II,23625.0
56807,New,2018,II,22327.0
28203,New,2018,II,26925.0
57447,New,2015,II,23640.0
22084,New,2018,II,26728.3333
52670,New,2018,II,25295.0
35864320,New,2017,II,24998.0
52670,New,2018,II,25295.0
21490,New,2017,II,19730.0
34227059,New,2019,II,16238.1233
21300,New,2020,II,29270.0
49764,New,2019,II,21962.193
28203,New,2017,II,27135.0
22095,New,2020,II,27247.3667
58488,New,2018,II,20929.6
36372410,New,2019,II,28713.5868
22331,New,2018,II,17671.0
35026,New,2018,II,23437.1429
42803,New,2018,II,27267.619
21378,New,2019,II,29162.6788
52670,New,2019,II,23458.7206
21740,New,2019,II,23613.1299
21828,New,2019,II,16243.088
40463,New,2018,II,25200.1667
28203,New,2018,II,26925.0
51868,New,2019,II,21721.5538
21146,New,2019,II,16473.875
52670,New,2018,II,25295.0
21300,New,2019,II,25478.3575
35864320,New,2017,II,24998.0
21894,New,2019,II,27003.2222
20605,New,2018,II,19555.0
47843,New,2019,II,28367.2289
21490,New,2017,II,19730.0
42803,New,2018,II,27267.619
36444091,New,2019,II,17690.3758
30028443,New,2019,II,17230.0
36293534,New,2018,II,22844.0
51868,New,2016,II,21995.0
21065,New,2019,II,27109.2857
21053,New,2019,II,18833.2778
20861,New,2020,II,22253.2092
21828,New,2019,II,16243.088
20823,New,2019,II,22938.7207
36362537,New,2019,II,23024.9186
21378,New,2019,II,29162.6788
27361,New,2018,II,29317.8235
30033647,New,2019,II,24464.4186
35966,New,2018,II,24563.75
20605,New,2020,II,17726.5
36293534,New,2019,II,24835.0281
21466,New,2019,II,15291.95
28203,New,2019,II,24244.3836
22331,New,2018,II,17671.0
21446,New,2017,II,19730.0
21446,New,2017,II,19730.0
21413,New,2018,II,24843.5
21065,New,2019,II,27109.2857
36363005,New,2019,II,20580.2111
27321,New,2017,II,29779.0
22345,New,2019,II,17230.0
21828,New,2019,II,16243.088
58488,New,2017,II,22812.0
20605,New,2018,II,19555.0
22353,New,2019,II,17230.0
30000373,New,2018,II,23616.2
21249,New,2018,II,29078.5714
20605,New,2018,II,19555.0
22274,New,2019,II,15964.3906
30003099,New,2018,II,28635.0
27321,New,2017,II,29779.0
36714179,New,2019,II,26534.8722
30028443,New,2019,II,17230.0
35026,New,2018,II,23437.1429
42323,New,2019,II,22842.2895
39583,New,2019,II,26329.7541
22302,New,2019,II,24054.9611
21249,New,2019,II,28092.9825
34227059,New,2018,II,18736.4
20483,New,2019,II,19337.9524
22302,New,2019,II,24054.9611
22095,New,2019,II,24590.8148
35084961,New,2018,II,18172.6667
49764,New,2019,II,21962.193
20605,New,2019,II,16879.3361
51868,New,2018,II,20084.3333
32883,New,2016,II,23820.0
57328,New,2018,II,25885.0
20800,New,2019,II,27099.1833
40463,New,2019,II,29394.3333
35966,New,2018,II,24563.75
36372410,New,2019,II,28713.5868
20606,New,2019,II,27356.25
57328,New,2018,II,25885.0
43523,New,2018,II,21938.7778
21712,New,2018,II,29455.0
21751,New,2019,II,28115.2123
21413,New,2017,II,29988.0
57328,New,2019,II,20972.8588
20861,New,2019,II,23079.8889
33484310,New,2017,II,23983.0
21740,New,2019,II,23613.1299
20864,New,2018,II,26438.7273
52670,New,2018,II,25295.0
52109,New,2018,II,15142.0
20277,New,2019,II,17230.0
51868,New,2019,II,21721.5538
21413,New,2020,II,25289.6667
20861,New,2020,II,22253.2092
21740,New,2019,II,23613.1299
22358,New,2019,II,17066.0
40463,New,2018,II,25200.1667
57328,New,2018,II,25885.0
28203,New,2019,II,24244.3836
30000208,New,2019,II,23707.6233
36586990,New,2019,II,25001.6951
21899,New,2020,II,28576.8235
42324,New,2018,II,19841.0
21460,New,2018,II,29006.1
34172170,New,2018,II,28834.6667
21931,New,2018,II,20045.0
21740,New,2018,II,24531.6667
20800,New,2019,II,27099.1833
36301312,New,2018,II,26095.0
27361,New,2018,II,29317.8235
21295,New,2019,II,24538.6853
21413,New,2017,II,29988.0
51868,New,2018,II,20084.3333
32883,New,2016,II,23820.0
28203,New,2019,II,24244.3836
21447,New,2019,II,28041.5146
47275,New,2020,II,16451.3333
56807,New,2018,II,22327.0
21145,New,2019,II,27288.0455
27361,New,2019,II,27293.1087
21175,New,2019,II,22644.1461
47843,New,2019,II,28367.2289
22084,New,2018,II,26728.3333
30000212,New,2019,II,25251.65
39583,New,2018,II,24489.75
21413,New,2018,II,24843.5
33484310,New,2019,II,29914.506
20483,New,2018,II,17675.3
21065,New,2020,II,29837.2927
30033647,New,2019,II,24464.4186
21900,New,2019,II,17230.0
57328,New,2018,II,25885.0
21286,New,2019,II,24046.1429
27321,New,2017,II,29779.0
27361,New,2019,II,27293.1087
28203,New,2020,II,26551.3125
30000208,New,2019,II,23707.6233
57328,New,2018,II,25885.0
20864,New,2018,II,26438.7273
43344,New,2019,II,26411.48
28283,New,2019,II,15490.0
58488,New,2017,II,22812.0
52109,New,2019,II,16478.9286
30003099,New,2019,II,27241.0
57328,New,2020,II,22089.2222
21490,New,2017,II,19730.0
34227059,New,2018,II,18736.4
36363005,New,2019,II,20580.2111
22095,New,2018,II,25752.6667
35363,New,2016,II,23625.0
30000373,New,2018,II,23616.2
52670,New,2019,II,23517.7481
47567,New,2019,II,22931.4286
36620337,New,2020,II,23619.1833
36744667,New,2020,II,23220.2895
22331,New,2018,II,17671.0
20864,New,2019,II,25954.3787
20814,New,2019,II,27170.45
33484310,New,2019,II,29914.506
20861,New,2019,II,23079.8889
36713267,New,2019,II,27021.3636
21146,New,2018,II,17498.5833
52670,New,2019,II,23458.7206
28203,New,2017,II,27135.0
36301312,New,2018,II,26095.0
52670,New,2019,II,23517.7481
36293534,New,2019,II,24835.0281
33484310,New,2017,II,23983.0
34172170,New,2018,II,28834.6667
36744667,New,2020,II,23220.2895
36714179,New,2019,II,26534.8722
21775,New,2019,II,15490.0
21758,New,2019,II,23888.6111
42803,New,2018,II,27267.619
21285,New,2019,II,21924.6722
57447,New,2017,II,20008.8333
36293534,New,2019,II,24835.0281
42323,New,2019,II,22842.2895
36362434,New,2020,II,27998.0
21751,New,2019,II,28115.2123
40463,New,2018,II,25200.1667
57447,New,2015,II,23640.0
21460,New,2018,II,29006.1
36714179,New,2019,II,26534.8722
57328,New,2019,II,20972.8588
20800,New,2019,II,27099.1833
20388,New,2019,II,28998.6167
20823,New,2019,II,22938.7207
22084,New,2018,II,26728.3333
36385409,New,2019,II,25442.5714
21146,New,2018,II,17498.5833
27761,New,2020,II,20973.2976
34227059,New,2018,II,18736.4
21900,New,2019,II,17230.0
21065,New,2020,II,29837.2927
34227059,New,2019,II,16238.1233
21900,New,2019,II,17230.0
36744667,New,2020,II,23220.2895
21285,New,2019,II,21924.6722
30031770,New,2019,II,27060.8961
58488,New,2019,II,25676.4286
33910101,New,2019,II,26721.3354
21242,New,2019,II,25506.4783
22331,New,2018,II,17671.0
42324,New,2018,II,19841.0
36363005,New,2018,II,20599.0
35363,New,2016,II,23625.0
35864320,New,2017,II,24998.0
30000373,New,2018,II,23616.2
21751,New,2019,II,28115.2123
20823,New,2018,II,21853.0
21242,New,2018,II,23180.0
47843,New,2019,II,28367.2289
47275,New,2020,II,16451.3333
36301312,New,2019,II,26036.3125
20483,New,2019,II,19337.9524
21828,New,2018,II,16201.3333
43523,New,2018,II,21938.7778
43344,New,2019,II,26411.48
49764,New,2018,II,24203.0769
36362434,New,2020,II,27998.0
34172170,New,2018,II,28834.6667
21900,New,2019,II,17230.0
21065,New,2019,II,27109.2857
52670,New,2018,II,25295.0
21931,New,2019,II,18505.838
36428720,Used,2013,II,16719.375
30031770,Used,2018,II,26499.0
51005,Used,2015,II,17671.2857
21355,Used,2014,II,15310.625
20611,Used,2017,II,20002.4167
21914,Used,2014,II,27328.5
21764,Used,2015,II,20588.25
57268,Used,2016,II,24162.1795
22164,Used,2017,II,18174.0714
50683,Used,2016,II,24070.2632
22306,Used,2019,II,28450.0
20593,Used,2017,II,28475.0
20434,Used,2015,II,22788.2927
20807,Used,2019,II,21994.0
26504,Used,2018,II,23872.0
52654,Used,2014,II,17319.4348
51006,Used,2018,II,20140.0
22310,Used,2015,II,18667.0
20598,Used,2016,II,23462.413
21878,Used,2016,II,16840.7015
42324,Used,2019,II,17495.0
20778,Used,2016,II,22710.4
22306,Used,2016,II,26992.0
56290,Used,2015,II,19863.6
54807,Used,2015,II,27017.7097
21878,Used,2018,II,19200.0
27664,Used,2015,II,29081.0
21764,Used,2015,II,20588.25
26507,Used,2014,II,17735.7308
26509,Used,2018,II,24912.7273
58488,Used,2018,II,18772.8182
20840,Used,2018,II,21615.25
47567,Used,2019,II,20200.0
53787,Used,2014,II,23090.6667
22159,Used,2016,II,29896.8991
58767,Used,2018,II,23982.4444
20598,Used,2013,II,16563.3636
52969,Used,2014,II,20467.0
47567,Used,2017,II,18065.6364
21242,Used,2018,II,17929.3333
38163,Used,2016,II,18800.0
20774,Used,2016,II,17518.1176
54410,Used,2014,II,19577.0
27661,Used,2018,II,15528.8
20666,Used,2016,II,18362.2535
53027,Used,2017,II,18395.5
21712,Used,2015,II,20152.25
43403,Used,2013,II,20981.3333
21460,Used,2016,II,21086.7955
21242,Used,2019,II,23080.0
20483,Used,2016,II,15790.0
20500,Used,2016,II,26020.5843
21289,Used,2016,II,28268.7333
27841,Used,2015,II,21552.6429
58767,Used,2019,II,27800.0
36083,Used,2016,II,20205.4286
54450,Used,2017,II,22197.4167
35025,Used,2015,II,16190.0
47567,Used,2015,II,15497.0
21360,Used,2014,II,17989.0
35964,Used,2015,II,18145.75
36083,Used,2016,II,20205.4286
27661,Used,2019,II,20389.5
20807,Used,2019,II,25056.1429
20645,Used,2015,II,23306.3
36083,Used,2017,II,25493.0
20774,Used,2013,II,15995.0
52108,Used,2014,II,16956.6667
52087,Used,2018,II,28867.0
52969,Used,2015,II,26148.7143
57887,Used,2017,II,27793.2
51006,Used,2018,II,20140.0
48704,Used,2014,II,15151.1923
47283,Used,2013,II,17753.3389
54409,Used,2015,II,19118.4
36083,Used,2019,II,29829.6667
52969,Used,2017,II,28999.0
52655,Used,2014,II,15660.3125
30008915,Used,2017,II,23985.0
30263,New,2019,I,13767.0
47275,New,2019,I,14103.2314
21466,New,2017,I,12580.0
47275,New,2019,I,14103.2314
21466,New,2017,I,12580.0
21466,New,2017,I,12580.0
47275,New,2019,I,14103.2314
21073,New,2019,I,13767.0
20991,New,2016,I,14595.0
30263,New,2019,I,13767.0
20991,New,2016,I,14595.0
30263,New,2019,I,13767.0
21073,New,2019,I,13767.0
47275,New,2019,I,14103.2314
21466,New,2018,I,14610.0
21073,New,2019,I,13767.0
21073,New,2019,I,13767.0
21073,New,2019,I,13767.0
47275,New,2019,I,14103.2314
21073,New,2019,I,13767.0
30263,New,2019,I,13767.0
21466,New,2018,I,14610.0
43523,New,2018,II,21938.7778
30028443,New,2019,II,17230.0
21071,New,2019,II,24136.9441
21300,New,2020,II,29270.0
36362434,New,2018,II,24259.9412
21146,New,2018,II,17498.5833
22084,New,2018,II,26728.3333
43523,New,2018,II,21938.7778
21740,New,2019,II,23613.1299
47566,New,2019,II,29742.1944
20606,New,2019,II,27356.25
22265,New,2019,II,29109.2389
49764,New,2018,II,24203.0769
21894,New,2019,II,27003.2222
39583,New,2018,II,24489.75
51868,New,2019,II,21721.5538
21899,New,2019,II,29233.4049
21413,New,2018,II,24843.5
28283,New,2019,II,15490.0
36362434,New,2020,II,27998.0
36284899,New,2018,II,23602.3125
39583,New,2018,II,24489.75
20483,New,2018,II,17675.3
21053,New,2020,II,22797.6772
20861,New,2020,II,22253.2092
21175,New,2019,II,22644.1461
21466,New,2019,II,15291.95
21242,New,2019,II,25506.4783
22274,New,2019,II,15964.3906
20605,New,2020,II,17726.5
21894,New,2019,II,27003.2222
57447,New,2016,II,23075.3333
21413,New,2018,II,24843.5
21740,New,2018,II,24531.6667
20823,New,2018,II,21853.0
57328,New,2019,II,20972.8588
20626,New,2019,II,27319.1667
36283124,New,2019,II,24013.812
21128,New,2019,II,18465.5987
42323,New,2020,II,22471.6667
21071,New,2019,II,24136.9441
21775,New,2019,II,15490.0
56208,New,2017,II,29989.0
27761,New,2020,II,20973.2976
42323,New,2020,II,22471.6667
56807,New,2018,II,22327.0
36586990,New,2019,II,25001.6951
21490,New,2017,II,19730.0
35084748,New,2018,II,20011.0
21053,New,2019,II,18833.2778
21300,New,2020,II,29270.0
52670,New,2019,II,23458.7206
57447,New,2017,II,20008.8333
28283,New,2019,II,15490.0
22095,New,2019,II,24590.8148
52670,New,2019,II,23458.7206
35363,New,2016,II,23625.0
21071,New,2017,II,25999.0
28203,New,2018,II,26925.0
30000208,New,2019,II,23707.6233
36714179,New,2019,II,26534.8722
28203,New,2020,II,26551.3125
20626,New,2020,II,26241.6667
22095,New,2020,II,27247.3667
36321969,New,2019,II,29872.1974
21128,New,2019,II,18465.5987
47843,New,2019,II,28367.2289
21295,New,2019,II,24538.6853
21146,New,2019,II,16473.875
43523,New,2019,II,21583.3235
36284899,New,2018,II,23602.3125
21295,New,2019,II,24538.6853
21146,New,2018,II,17498.5833
34172170,New,2018,II,28834.6667
21145,New,2019,II,27288.0455
34227059,New,2019,II,16238.1233
30003099,New,2019,II,27241.0
21758,New,2018,II,26853.0
22302,New,2019,II,24054.9611
30031770,New,2019,II,27060.8961
21828,New,2019,II,16243.088
52670,New,2018,II,25295.0
35966,New,2018,II,24563.75
22302,New,2019,II,24054.9611
21446,New,2018,II,26125.0
21378,New,2019,II,29162.6788
57328,New,2020,II,22089.2222
47566,New,2019,II,29742.1944
30003099,New,2019,II,27241.0
33484310,New,2019,II,29914.506
27661,New,2018,II,25841.3
30000373,New,2018,II,23616.2
27361,New,2018,II,29317.8235
21286,New,2018,II,22555.6667
21931,New,2018,II,20045.0
21175,New,2018,II,20662.5
20277,New,2019,II,17230.0
52109,New,2018,II,15142.0
35026,New,2018,II,23437.1429
42324,New,2019,II,18566.8621
21931,New,2019,II,18505.838
42803,New,2018,II,27267.619
49764,New,2019,II,21962.193
52670,New,2019,II,23517.7481
28203,New,2018,II,26925.0
58488,New,2017,II,22812.0
21286,New,2018,II,22555.6667
20626,New,2019,II,27319.1667
36362537,New,2019,II,23024.9186
21300,New,2020,II,29270.0
20605,New,2018,II,19555.0
21300,New,2019,II,25478.3575
42803,New,2018,II,27267.619
21138,New,2018,II,20170.0556
21413,New,2019,II,23756.6415
36363005,New,2019,II,20580.2111
36372410,New,2019,II,28713.5868
40463,New,2017,II,26330.0
36362434,New,2019,II,25165.9506
42324,New,2019,II,18566.8621
49085,New,2018,II,25590.0
20823,New,2019,II,22938.7207
57447,New,2016,II,23075.3333
21286,New,2019,II,24046.1429
21828,New,2018,II,16201.3333
20823,New,2018,II,21853.0
30003099,New,2018,II,28635.0
58488,New,2018,II,20929.6
36586990,New,2019,II,25001.6951
36714179,New,2019,II,26534.8722
21751,New,2019,II,28115.2123
21751,New,2019,II,28115.2123
21065,New,2018,II,26509.0
33484310,New,2019,II,29914.506
51868,New,2019,II,21721.5538
21758,New,2018,II,26853.0
56807,New,2018,II,22327.0
52670,New,2019,II,23458.7206
30033647,New,2019,II,24464.4186
36620337,New,2020,II,23619.1833
39583,New,2019,II,26329.7541
28203,New,2017,II,27135.0
21286,New,2019,II,24046.1429
57447,New,2016,II,23075.3333
21053,New,2019,II,18833.2778
21758,New,2019,II,23888.6111
30000212,New,2019,II,25251.65
27321,New,2017,II,29779.0
27661,New,2018,II,25841.3
21295,New,2019,II,24538.6853
35026,New,2019,II,20038.975
21900,New,2019,II,17230.0
53260,New,2019,II,28025.8148
36372410,New,2019,II,28713.5868
57328,New,2018,II,25885.0
35026,New,2018,II,23437.1429
22095,New,2019,II,24590.8148
27661,New,2019,II,27458.768
21446,New,2017,II,19730.0
21175,New,2019,II,22644.1461
21460,New,2018,II,29006.1
20605,New,2018,II,19555.0
30000212,New,2019,II,25251.65
20388,New,2019,II,28998.6167
21900,New,2019,II,17230.0
28203,New,2017,II,27135.0
20605,New,2018,II,19555.0
30000373,New,2018,II,23616.2
21413,New,2017,II,29988.0
35363,New,2016,II,23625.0
21242,New,2019,II,25506.4783
28203,New,2020,II,26551.3125
33484310,New,2018,II,28024.2308
28283,New,2019,II,15490.0
51868,New,2018,II,20084.3333
36283124,New,2019,II,24013.812
36713267,New,2019,II,27021.3636
22302,New,2019,II,24054.9611
49764,New,2018,II,24203.0769
42323,New,2019,II,22842.2895
21828,New,2019,II,16243.088
20277,New,2019,II,17230.0
33484310,New,2019,II,29914.506
20606,New,2019,II,27356.25
21413,New,2017,II,29988.0
21249,New,2018,II,29078.5714
27661,New,2018,II,25841.3
35966,New,2019,II,22093.7386
21138,New,2018,II,20170.0556
47275,New,2020,II,16451.3333
21300,New,2020,II,29270.0
21425,New,2017,III,50450.0
56748,New,2019,III,35070.1538
53787,New,2018,III,66925.0
57287,New,2019,III,41050.3778
54810,New,2019,III,52646.7838
36274172,New,2019,III,34885.2176
36310105,New,2019,III,65741.5444
36303139,New,2020,III,49002.5
30003456,New,2020,III,64273.9405
36620416,New,2020,III,49243.7056
33486882,New,2019,III,50576.3352
27461,New,2019,III,61713.3043
34992145,New,2019,III,57055.1837
56067,New,2018,III,52817.5
35025,New,2019,III,32248.0208
22107,New,2019,III,62795.0488
22351,New,2020,III,58472.5
30003197,New,2018,III,62586.0
22101,New,2020,III,38974.9257
20669,New,2020,III,73384.369
21081,New,2018,III,73497.0
20356,New,2019,III,46923.3333
22312,New,2018,III,73559.1667
36410838,New,2019,III,37665.8111
21104,New,2018,III,64644.5
36303139,New,2020,III,49002.5
22250,New,2019,III,36146.2667
58489,New,2020,III,53794.5
22315,New,2020,III,63114.9333
22070,New,2019,III,61456.2619
30003456,New,2020,III,64273.9405
21165,New,2019,III,32483.76
21712,New,2019,III,33151.8462
47951,New,2019,III,41636.4567
36362567,New,2020,III,42303.2456
36279856,New,2019,III,68418.4014
20607,New,2018,III,46303.0
21233,New,2019,III,44717.9649
30003197,New,2018,III,62586.0
21701,New,2019,III,36870.7886
47274,New,2018,III,46402.5
20807,New,2016,III,43375.0
35518730,New,2019,III,70717.0153
20409,New,2018,III,47977.0
22315,New,2018,III,48644.5
22382,New,2017,III,66900.0
56749,New,2018,III,42504.5
36377812,New,2019,III,39803.2291
21058,New,2020,III,52098.7143
47277,New,2019,III,30992.8268
22380,New,2018,III,43495.0
36362567,New,2020,III,42303.2456
30021900,New,2016,III,66003.5
22395,New,2020,III,69433.7
20607,New,2019,III,37296.573
21447,New,2018,III,30033.5
36329945,New,2019,III,50300.2292
30026257,New,2018,III,40475.0
36321398,New,2018,III,61223.0
22393,New,2019,III,64664.7703
58489,New,2018,III,41385.8333
22171,New,2018,III,44676.4
22394,New,2019,III,68858.376
36279957,New,2019,III,39559.5044
43403,New,2018,III,47846.5
36326932,New,2018,III,74185.0
20451,New,2018,III,55965.7273
21081,New,2017,III,74995.0
36363973,New,2019,III,36251.732
36283532,New,2019,III,51681.0617
56208,New,2018,III,37171.3
50683,New,2018,III,34378.0
35357470,New,2019,III,51959.8587
30038753,New,2017,III,69669.0
58489,New,2019,III,47536.6552
58167,New,2016,III,66890.0
36273890,New,2018,III,32299.0
30021900,New,2018,III,67426.375
36620416,New,2020,III,49243.7056
56747,New,2017,III,32995.0
20645,New,2018,III,50993.0
36388210,New,2019,III,45249.7126
21058,New,2019,III,46169.1024
52189,New,2018,III,31469.4722
26381,New,2019,III,41918.5973
36658915,New,2019,III,39819.2346
22393,New,2019,III,64664.7703
36279856,New,2018,III,65645.0
33482960,New,2019,III,38989.8
21831,New,2019,III,41362.5854
47566,New,2018,III,30655.6667
36281513,New,2017,III,57093.0
21912,New,2019,III,62058.5932
22379,New,2018,III,52120.4286
36274172,New,2019,III,34885.2176
36620695,New,2020,III,40719.4667
20778,New,2018,III,35484.0
36303139,New,2020,III,49002.5
36388210,New,2019,III,45249.7126
34992056,New,2018,III,52539.5833
34991443,New,2019,III,32807.3333
22213,New,2019,III,45637.3108
56013,New,2019,III,59427.5946
22101,New,2020,III,38974.9257
58489,New,2020,III,53794.5
58167,New,2016,III,66890.0
30003796,New,2018,III,40148.5
50823,New,2019,III,39009.0
21136,New,2019,III,34341.0854
20598,New,2019,III,67644.2466
22159,New,2019,III,55309.7333
20778,New,2020,III,37032.5
30021900,New,2019,III,73189.5556
36620695,New,2020,III,40719.4667
53787,New,2019,III,65934.7196
21097,New,2019,III,66131.9257
36279868,New,2019,III,41718.1136
35518730,New,2018,III,62998.0
20849,New,2018,III,57822.5
22183,New,2017,III,40336.0
21933,New,2017,III,62988.0
36633641,New,2019,III,33705.1765
36083,New,2019,III,36688.1099
56208,New,2020,III,49780.0
58489,New,2019,III,47536.6552
54810,New,2018,III,46486.7273
22310,New,2018,III,53585.0
27664,New,2019,III,57822.7545
36651476,New,2020,III,39950.0778
20436,New,2018,III,59795.0
36381836,New,2019,III,60249.9231
21105,New,2020,III,54639.1944
36324071,New,2019,III,71276.3459
36326814,New,2018,III,67415.875
36728809,New,2019,III,37465.2889
30021281,New,2018,III,59056.8947
36381836,New,2019,III,60249.9231
56288,New,2019,III,41413.4032
47277,New,2019,III,30992.8268
35357470,New,2019,III,51959.8587
36366385,New,2018,III,57497.0
33763017,New,2019,III,61145.0
58167,New,2018,III,62865.0
36447417,New,2019,III,33637.4464
36274172,New,2019,III,34885.2176
36366385,New,2019,III,56514.5263
20598,New,2019,III,67644.2466
22315,New,2018,III,48644.5
22183,New,2018,III,66773.0
36488471,New,2019,III,36583.5
22315,New,2020,III,63114.9333
26504,New,2019,III,31301.9247
20849,New,2018,III,57822.5
36279924,New,2019,III,72202.3061
21404,New,2018,III,39749.0
20770,New,2018,III,39345.0
22394,New,2019,III,68858.376
21916,New,2020,III,41290.0
51867,New,2018,III,56080.0
36308693,New,2018,III,69722.0
57287,New,2019,III,41050.3778
36273890,New,2020,III,30971.3019
30003,New,2019,III,31688.0815
20607,New,2018,III,46303.0
52192,New,2018,III,39955.6667
21238,New,2019,III,48039.6977
30003197,New,2017,III,65278.0
20787,New,2018,III,51003.6
22378,New,2018,III,62693.5714
30021900,New,2016,III,66003.5
36388196,New,2019,III,39417.8939
56208,New,2018,III,37171.3
21239,New,2019,III,43659.4783
36620826,New,2020,III,61014.25
47951,New,2019,III,41636.4567
54187,New,2020,III,50748.0851
36302078,New,2018,III,59181.1429
36321398,New,2019,III,66832.9876
35518730,New,2018,III,62998.0
36326932,New,2019,III,72546.0638
34226822,New,2017,III,69888.0
20277,New,2018,III,37972.5455
36362493,New,2019,III,50634.6556
30021281,New,2018,III,59056.8947
20356,New,2020,III,47325.9718
36633641,New,2019,III,33705.1765
20745,New,2019,III,50038.7925
20451,New,2018,III,55965.7273
36283944,New,2017,III,47231.6
47563,New,2018,III,34888.0
33761895,New,2018,III,47344.5385
36279804,New,2018,III,41335.0
21081,New,2018,III,73497.0
20409,New,2018,III,47977.0
36279873,New,2019,III,41340.2207
21222,New,2018,III,37725.1667
36301306,New,2019,III,33751.1771
36369778,New,2019,III,36495.319
51867,New,2018,III,56080.0
56748,New,2018,III,34643.2727
36283002,New,2019,III,50432.0347
27461,New,2019,III,61713.3043
58567,New,2019,III,56506.0556
54187,New,2019,III,53217.4493
34226822,New,2017,III,69888.0
57888,New,2019,III,43728.1176
36651476,New,2020,III,39950.0778
51006,New,2018,III,31657.5
52194,New,2019,III,36354.2409
35968,New,2019,III,36083.2437
58567,New,2019,III,56506.0556
36651476,New,2020,III,39950.0778
22164,New,2019,III,30500.1333
36428483,New,2019,III,57895.7143
54451,New,2018,III,72485.0
36293408,New,2018,III,42485.2857
26508,New,2018,III,34606.8
36363973,New,2019,III,36251.732
36290525,Used,2018,III,36426.3333
51006,Used,2016,II,15659.1034
56288,Used,2017,II,26239.0
35025,Used,2015,II,16190.0
36296927,Used,2019,II,24500.0
54413,Used,2015,II,22753.1429
21027,Used,2015,II,20322.75
51868,Used,2016,II,15525.0
54450,Used,2017,II,22197.4167
21136,Used,2017,II,28500.0
20445,Used,2015,II,24087.4516
35084701,Used,2014,II,15361.5854
54812,Used,2014,II,17517.76
47843,Used,2017,II,18794.8261
21878,Used,2018,II,19200.0
48265,Used,2015,II,18006.6
46703,Used,2014,II,16471.4722
27663,Used,2015,II,28895.0
36280700,Used,2018,II,24292.1333
40463,Used,2016,II,15999.5833
30000874,Used,2017,II,25331.6667
20770,Used,2016,II,20385.0
20807,Used,2017,II,26400.6667
52670,Used,2018,II,18397.6667
21136,Used,2016,II,22144.9167
22237,Used,2013,II,15569.3226
27361,Used,2019,II,25063.5
20840,Used,2017,II,19361.1667
47563,Used,2014,II,16285.6923
21758,Used,2019,II,23433.0
54413,Used,2015,II,24735.5
30000208,Used,2019,II,18279.0
21085,Used,2015,II,26824.1429
20611,Used,2017,II,20002.4167
36279957,Used,2017,II,23925.5
20807,Used,2018,II,20698.6667
39583,Used,2017,II,19011.85
22191,Used,2015,II,19994.5
20770,Used,2016,II,19440.25
56749,Used,2016,II,23855.7143
21775,Used,2013,II,18995.0
47843,Used,2015,II,15210.75
58488,Used,2016,II,15375.0
21447,Used,2018,II,23569.3
58230,Used,2017,II,26766.1429
22379,Used,2017,II,23398.0
20593,Used,2015,II,23983.0
58489,Used,2018,II,28015.0833
36083,Used,2019,II,22871.2857
21104,Used,2017,II,29491.0
52087,Used,2014,II,15022.3158
48064,Used,2013,II,27423.3636
21014,Used,2016,II,25681.6667
36083,Used,2019,II,22871.2857
27661,Used,2018,II,15528.8
21281,Used,2015,II,21379.0172
58230,Used,2016,II,25613.6522
54409,Used,2014,II,16603.0
53027,Used,2018,II,20431.0
20444,Used,2014,II,18360.0
20807,Used,2014,II,16828.0
48583,Used,2013,II,15120.4
20394,Used,2018,II,25068.0
56208,Used,2016,II,21801.9
47566,Used,2018,II,25456.6
57887,Used,2016,II,26904.7624
21196,Used,2013,II,23900.0
21050,Used,2013,II,16187.1739
27664,Used,2015,II,29081.0
21404,Used,2015,II,15641.0
52107,Used,2014,II,23964.7576
20292,Used,2013,II,21644.2955
30003099,Used,2018,II,20553.3333
53027,Used,2016,II,16605.625
20788,Used,2014,II,15313.6667
32885,Used,2013,II,26998.0
50683,Used,2017,II,24139.3953
20645,Used,2015,II,23306.3
54187,Used,2016,II,24089.2857
21460,Used,2014,II,17608.2
34280445,Used,2017,II,27260.9806
51703,Used,2016,II,23262.9487
30000208,Used,2018,II,17288.8333
22164,Used,2019,II,24571.6667
27621,Used,2015,II,21046.4314
36296927,Used,2017,II,20366.2857
56288,Used,2017,II,26239.0
26505,Used,2017,II,24618.5
22213,Used,2015,II,26044.0
21887,Used,2016,II,27614.4
21855,Used,2015,II,26485.1111
21105,Used,2017,II,23290.5
21787,Used,2015,II,23592.1905
51005,Used,2017,II,23609.8462
26505,Used,2014,II,23525.6667
21360,Used,2013,II,15890.1212
48265,Used,2015,II,18006.6
47565,Used,2014,II,18252.0
21378,Used,2018,II,19839.375
36586990,Used,2019,II,24747.0769
21014,Used,2015,II,19690.0
54807,Used,2016,II,29633.2692
54409,Used,2016,II,23687.6122
49665,Used,2013,II,23814.8333
52654,Used,2014,II,17319.4348
21239,Used,2017,II,29201.5
32888,Used,2013,II,26697.0
33484310,Used,2017,II,20544.6731
20666,Used,2015,II,18539.5417
27841,Used,2015,II,21552.6429
20483,Used,2016,II,15790.0
36274172,Used,2019,II,25895.0
21414,Used,2015,II,24810.3125
30019645,Used,2018,II,26151.875
57447,Used,2017,II,20313.6667
38163,Used,2017,II,23602.0
57928,Used,2015,II,29003.6742
36343233,Used,2017,II,18188.2667
51703,Used,2018,II,29232.8
20444,Used,2015,II,17705.4783
57887,Used,2015,II,25378.1786
20770,Used,2014,II,15854.6667
47563,Used,2014,II,16285.6923
34991443,Used,2017,II,29653.8889
21422,Used,2013,II,16082.1667
57887,Used,2016,II,29152.1
54868,Used,2014,II,20994.0
20770,Used,2014,II,15854.6667
26508,Used,2019,II,26990.0
30003416,Used,2017,II,26477.6
22313,Used,2014,II,16487.3333
30031770,Used,2017,II,20500.0
56067,Used,2016,II,21213.2593
58488,Used,2018,II,18772.8182
22358,Used,2014,II,20898.0
33910101,Used,2017,II,18339.2857
21447,Used,2018,II,23569.3
22159,Used,2015,II,26622.3333
30000872,Used,2019,II,26923.6
54814,Used,2015,II,25461.0
21289,Used,2016,II,28268.7333
26509,Used,2014,II,21588.0
52108,Used,2018,II,22541.3478
21831,Used,2014,II,16460.4286
21914,Used,2013,II,25233.75
36963,Used,2014,II,17079.5
21378,Used,2016,II,15616.0
20445,Used,2015,II,24087.4516
30000872,Used,2019,II,26957.5128
20591,Used,2015,II,17342.5526
52189,Used,2018,II,27370.1818
20593,Used,2014,II,20871.8889
20598,Used,2016,II,23462.413
36279868,Used,2018,II,27602.7333
21970,Used,2017,II,20046.5
51868,Used,2016,II,15525.0
21920,Used,2013,II,15993.0
22310,Used,2017,II,25817.5
56611,Used,2016,II,25498.5
22358,Used,2014,II,16989.1538
58167,Used,2014,II,26519.0
27663,Used,2014,II,22994.4444
27664,Used,2013,II,21576.7
51703,Used,2013,II,16159.8261
56207,Used,2014,II,22892.0
22101,Used,2018,II,22320.5
34743,Used,2014,II,16796.0
30031781,Used,2016,II,22380.7976
58167,Used,2014,II,26519.0
36363973,Used,2018,II,26113.8864
30000208,Used,2019,II,18279.0
26504,Used,2017,II,27251.5833
26508,Used,2017,II,21718.2432
21422,Used,2014,II,19500.0
30004,Used,2013,II,20659.1667
20445,Used,2014,II,19897.15
21145,Used,2017,II,16490.0
36417341,Used,2019,II,19606.5
30003416,Used,2016,II,21979.2353
21425,Used,2013,II,15511.32
56749,Used,2016,II,23855.7143
34743,Used,2014,II,16796.0
21425,Used,2015,II,20239.0
35050,Used,2014,II,28000.0
21887,Used,2014,II,18162.1786
36274172,Used,2017,II,21833.75
22395,Used,2013,II,23366.6667
20444,Used,2014,II,18360.0
21196,Used,2015,II,25054.1515
21289,Used,2016,II,28268.7333
50243,Used,2016,II,15410.52
20487,Used,2013,II,19867.875
21027,Used,2016,II,25017.25
22107,Used,2013,II,24966.0
54814,Used,2015,II,22730.0
36301306,Used,2017,II,21688.0
21081,Used,2016,III,49160.4
22317,New,2019,I,13767.0
22317,New,2019,I,13767.0
30263,New,2019,I,13767.0
21466,New,2017,I,12580.0
20991,New,2016,I,14595.0
22317,New,2019,I,13767.0
20991,New,2016,I,14595.0
30263,New,2019,I,13767.0
21466,New,2018,I,14610.0
21466,New,2018,I,14610.0
20991,New,2016,I,14595.0
21466,New,2018,I,14610.0
21466,New,2017,I,12580.0
20991,New,2016,I,14595.0
21466,New,2018,I,14610.0
21466,New,2018,I,14610.0
21466,New,2017,I,12580.0
21073,New,2019,I,13767.0
21073,New,2019,I,13767.0
21466,New,2017,I,12580.0
22317,New,2019,I,13767.0
47275,New,2019,I,14103.2314
20991,New,2016,I,14595.0
22317,New,2019,I,13767.0
30263,New,2019,I,13767.0
22317,New,2019,I,13767.0
22317,New,2019,I,13767.0
22317,New,2019,I,13767.0
21466,New,2018,I,14610.0
21466,New,2018,I,14610.0
21073,New,2019,I,13767.0
21466,New,2017,I,12580.0
21466,New,2017,I,12580.0
21466,New,2018,I,14610.0
22317,New,2019,I,13767.0
22317,New,2019,I,13767.0
21466,New,2017,I,12580.0
21466,New,2018,I,14610.0
21466,New,2017,I,12580.0
21466,New,2017,I,12580.0
21466,New,2017,I,12580.0
20991,New,2016,I,14595.0
30263,New,2019,I,13767.0
22317,New,2019,I,13767.0
30263,New,2019,I,13767.0
21466,New,2018,I,14610.0
20991,New,2016,I,14595.0
30263,New,2019,I,13767.0
21466,New,2017,I,12580.0
20991,New,2016,I,14595.0
47275,New,2019,I,14103.2314
21073,New,2019,I,13767.0
21466,New,2017,I,12580.0
47275,New,2019,I,14103.2314
21466,New,2017,I,12580.0
47275,New,2019,I,14103.2314
47275,New,2019,I,14103.2314
30263,New,2019,I,13767.0
21466,New,2018,I,14610.0
21466,New,2017,I,12580.0
21073,New,2019,I,13767.0
20991,New,2016,I,14595.0
22317,New,2019,I,13767.0
21466,New,2018,I,14610.0
21073,New,2019,I,13767.0
20991,New,2016,I,14595.0
21073,New,2019,I,13767.0
30263,New,2019,I,13767.0
30263,New,2019,I,13767.0
22317,New,2019,I,13767.0
22317,New,2019,I,13767.0
47275,New,2019,I,14103.2314
47275,New,2019,I,14103.2314
21466,New,2018,I,14610.0
30263,New,2019,I,13767.0
21466,New,2018,I,14610.0
30263,New,2019,I,13767.0
47275,New,2019,I,14103.2314
21466,New,2017,I,12580.0
21466,New,2018,I,14610.0
47275,New,2019,I,14103.2314
21073,New,2019,I,13767.0
47275,New,2019,I,14103.2314
21466,New,2017,I,12580.0
47275,New,2019,I,14103.2314
20483,Used,2013,I,7726.6957
34227059,Used,2019,I,12097.6667
35968,Used,2016,I,13323.3333
21242,Used,2013,I,10981.2857
47568,Used,2014,I,11346.125
45843,Used,2014,I,7778.0
53187,Used,2016,I,10481.5
21242,Used,2017,I,14797.9677
53187,Used,2016,I,10256.4831
21764,Used,2013,I,12621.1739
22274,Used,2016,I,9391.0
42323,Used,2017,I,14224.5
20891,Used,2015,I,12039.5556
47275,Used,2014,I,7259.3
38203,Used,2013,I,10664.0
21766,Used,2017,I,14125.0833
21878,Used,2013,I,10325.0
20749,Used,2013,I,14766.7143
35363,Used,2016,I,14560.6364
20406,Used,2014,I,14786.3333
50644,Used,2013,I,11790.3
47567,Used,2015,I,14190.625
21466,Used,2019,I,11289.6667
35363,Used,2014,I,11818.8571
56107,Used,2016,I,13810.4706
21128,Used,2016,I,12713.75
46703,Used,2013,I,12761.6471
51005,Used,2013,I,13697.5
46183,Used,2015,I,12726.5556
21712,Used,2013,I,11983.0
21766,Used,2016,I,13261.7123
46183,Used,2013,I,10522.5625
53187,Used,2014,I,8694.4364
26504,Used,2013,I,12566.5
52670,Used,2014,I,7981.6667
22341,Used,2014,I,11592.9216
43523,Used,2017,I,14292.6
20666,Used,2014,I,14326.1765
21828,Used,2016,I,9502.4
20303,Used,2016,I,13944.5
21766,Used,2015,I,11914.32
47563,Used,2013,I,13462.037
20658,Used,2014,I,14915.0
42324,Used,2015,I,8995.0
21447,Used,2013,I,9498.0
21355,Used,2013,I,12842.0
32883,Used,2014,I,10624.3636
21164,Used,2017,I,14403.5263
20483,Used,2018,I,13100.0
53027,Used,2015,I,14747.75
45303,Used,2015,I,8856.6
22101,Used,2017,I,14999.0
20611,Used,2014,I,14910.5
21128,Used,2016,I,14097.5
26504,Used,2013,I,12566.5
52670,Used,2014,I,7981.6667
21758,Used,2015,I,11956.0
48704,Used,2013,I,14756.92
42464,Used,2014,I,10224.012
42324,Used,2015,I,8995.0
40463,Used,2013,I,10271.6923
22331,Used,2016,I,11498.8333
21488,Used,2013,I,9818.6667
46183,Used,2015,I,13650.0
21828,Used,2015,I,11498.0
45843,Used,2014,I,7778.0
35363,Used,2016,I,14560.6364
26504,Used,2015,I,13438.0
42464,Used,2014,I,10224.012
42323,Used,2013,I,9804.3333
21221,Used,2013,I,12473.8
52670,Used,2015,I,11667.7692
21758,Used,2017,I,14721.6667
22274,Used,2018,I,10679.0
22164,Used,2015,I,12920.96
51868,Used,2014,I,9927.6154
21361,Used,2017,I,13971.5088
51868,Used,2014,I,8786.5
21221,Used,2013,I,12473.8
47567,Used,2016,I,14933.3421
27661,Used,2017,I,12584.0
21834,Used,2013,I,12328.4444
28283,Used,2013,I,8167.5
34227059,Used,2019,I,12097.6667
35363,Used,2015,I,11978.0
56530,Used,2014,I,11662.16
32883,Used,2015,I,10788.0
57087,Used,2016,I,13246.2817
42324,Used,2013,I,6497.3846
21828,Used,2016,I,9502.4
21766,Used,2014,I,10291.8636
21466,Used,2018,I,10405.5
22248,Used,2013,I,13799.6667
21355,Used,2013,I,12842.0
36428714,Used,2013,I,14957.1148
21831,Used,2013,I,14864.5
21712,Used,2014,I,14586.3333
21758,Used,2013,I,11163.3125
56107,Used,2016,I,12950.1964
21361,Used,2017,I,13971.5088
21878,Used,2013,I,10325.0
52109,Used,2019,I,14896.0
20406,Used,2014,I,14786.3333
40463,Used,2015,I,14132.3125
36428714,Used,2013,I,14957.1148
50644,Used,2014,I,14001.6
35363,Used,2015,I,11978.0
20891,Used,2013,I,11691.1667
42323,Used,2015,I,12056.9091
21368,Used,2014,I,8897.5
21764,Used,2014,I,14535.2857
22341,Used,2013,I,8099.6154
42464,Used,2015,I,11362.1429
35084961,Used,2018,I,14254.3889
43523,Used,2017,I,14292.6
42324,Used,2015,I,9116.6667
35967,Used,2013,I,10777.7333
21758,Used,2013,I,12870.0
21128,Used,2019,I,13995.0
49403,Used,2015,I,10500.0
53187,Used,2016,I,10481.5
21466,Used,2018,I,10985.0
45843,Used,2014,I,7778.0
21361,Used,2016,I,12482.5455
32883,Used,2013,I,8839.3421
42324,Used,2016,I,9208.0833
22274,Used,2014,I,6458.3333
56687,Used,2015,I,12146.0
47567,Used,2015,I,14190.625
26504,Used,2015,I,13438.0
21758,Used,2016,I,12715.4583
21404,Used,2014,I,9250.0
21242,Used,2014,I,12446.4286
35967,Used,2013,I,10495.0
51887,Used,2014,I,12993.0645
58488,Used,2016,I,14386.7703
30003484,Used,2016,I,12506.1899
42324,Used,2014,I,7821.8571
42464,Used,2015,I,11450.0
43344,Used,2014,I,12844.875
20303,Used,2015,I,10899.0
56530,Used,2015,I,13515.2857
20605,Used,2019,I,14886.5
21136,Used,2013,I,12950.5
52109,Used,2018,I,13574.1667
21758,Used,2015,I,11956.0
45303,Used,2013,I,8056.5926
20848,Used,2014,I,12702.0
21488,Used,2013,I,9818.6667
21242,Used,2014,I,12446.4286
42464,Used,2015,I,11362.1429
35968,Used,2014,I,9051.5
20303,Used,2015,I,10899.0
20605,Used,2019,I,14886.5
21164,Used,2016,I,11853.0141
22274,Used,2013,I,6999.0
22401,Used,2013,I,10164.7619
48964,Used,2014,I,13039.6667
35968,Used,2017,I,14566.25
48265,Used,2013,I,14336.0638
43344,Used,2013,I,11265.7778
21970,Used,2014,I,10967.0
57447,Used,2015,I,11981.062
20663,Used,2014,I,9439.7833
30032338,Used,2013,I,12265.5625
20605,Used,2013,I,8894.5
20663,Used,2014,I,11545.5
42464,Used,2013,I,10458.5217
30032338,Used,2014,I,9594.64
21488,Used,2013,I,9818.6667
43523,Used,2015,I,13430.7059
27681,Used,2013,I,14730.0
35084961,Used,2018,I,13500.3592
21828,Used,2017,I,11000.0
21242,Used,2017,I,14797.9677
49403,Used,2013,I,9170.8889
21138,Used,2018,I,12418.8438
22331,Used,2016,I,11498.8333
21378,Used,2014,I,11000.0
47108,Used,2013,I,13767.6
20787,Used,2013,I,13592.3333
42803,Used,2016,I,7050.8143
20991,Used,2015,I,9981.1186
49403,Used,2015,I,11913.9474
50243,Used,2014,I,11348.7143
21242,Used,2014,I,12446.4286
36279866,New,2018,IV,135918.3333
21396,New,2019,IV,120464.9474
35346517,New,2018,IV,99326.75
22266,New,2019,IV,171604.1538
36294682,New,2018,IV,176395.0
30038753,New,2018,IV,84239.4
54449,New,2018,IV,150584.3571
58107,New,2020,IV,83983.0
36308693,New,2020,IV,81813.0
30000114,New,2019,IV,153898.2785
36279870,New,2017,IV,86010.0
58107,New,2018,IV,85701.75
21811,New,2018,IV,79208.0
21381,New,2017,IV,86299.0
36279890,New,2017,IV,120845.0
34226822,New,2019,IV,95766.7231
57327,New,2016,IV,78345.0
43143,New,2019,IV,80653.974
36609635,New,2019,IV,93309.6145
36310238,New,2018,IV,79297.5
21811,New,2018,IV,79208.0
21396,New,2019,IV,120464.9474
22312,New,2019,IV,79977.5
58570,New,2019,IV,97115.0
36279952,New,2019,IV,83267.5734
36279952,New,2019,IV,83267.5734
36448175,New,2019,IV,130663.3333
20567,New,2018,IV,142545.0
21814,New,2017,IV,78975.0
21081,New,2020,IV,92324.3333
21814,New,2018,IV,86416.6667
36714589,New,2019,IV,167873.6257
36279864,New,2019,IV,80298.2955
20536,New,2020,IV,114878.1915
36362574,New,2019,IV,80704.2989
33535058,New,2019,IV,163060.0
21197,New,2019,IV,87937.5161
36574457,New,2019,IV,96377.931
20791,New,2019,IV,92082.152
36279890,New,2018,IV,117690.0
21066,New,2020,IV,98788.3333
21204,New,2019,IV,114255.3889
20625,New,2018,IV,161195.0
58107,New,2019,IV,95664.875
36291475,New,2019,IV,84339.6337
30016700,New,2018,IV,78068.25
36574457,New,2019,IV,96377.931
30023481,New,2019,IV,80851.7037
30000114,New,2020,IV,144218.6538
36279857,New,2018,IV,87382.0
36310230,New,2018,IV,104192.8
21197,New,2019,IV,87937.5161
21081,New,2019,IV,84005.3429
21066,New,2019,IV,86997.681
36291475,New,2019,IV,84339.6337
30005,New,2018,IV,122282.6667
36303139,New,2019,IV,79490.6508
21081,New,2020,IV,92324.3333
21814,New,2017,IV,78975.0
21906,New,2018,IV,130392.5
36310230,New,2018,IV,104192.8
21204,New,2019,IV,114255.3889
58570,New,2019,IV,97115.0
36479416,New,2019,IV,77772.1897
30038753,New,2019,IV,89414.4
21811,New,2018,IV,79208.0
21381,New,2019,IV,83996.0972
58570,New,2019,IV,97115.0
22266,New,2019,IV,171604.1538
53259,New,2017,IV,189500.0
21247,New,2018,IV,130042.75
36348163,New,2019,IV,183805.0
36310238,New,2018,IV,79297.5
34226822,New,2018,IV,78530.0
36279890,New,2018,IV,117690.0
36279870,New,2017,IV,86010.0
21247,New,2019,IV,155638.7778
48064,New,2018,IV,93825.0
21872,New,2018,IV,101557.0
30000964,New,2019,IV,99814.5526
36279857,New,2017,IV,101127.5
58570,New,2019,IV,97115.0
36279918,New,2019,IV,163049.3333
21906,New,2019,IV,121042.6337
30000114,New,2018,IV,150431.5
21814,New,2019,IV,116587.2727
36308693,New,2020,IV,81813.0
36291475,New,2018,IV,87289.0
57327,New,2016,IV,78345.0
21197,New,2019,IV,87937.5161
36279890,New,2019,IV,121040.2808
36323088,New,2019,IV,163682.0
56127,New,2020,IV,96702.5926
22266,New,2019,IV,171604.1538
22266,New,2020,IV,91140.8611
58107,New,2020,IV,83983.0
36308693,New,2020,IV,81813.0
36294682,New,2020,IV,160357.0588
21371,New,2019,IV,97663.0
21204,New,2019,IV,114255.3889
53407,New,2018,IV,149177.5
21814,New,2017,IV,78975.0
21197,New,2019,IV,87937.5161
21247,New,2018,IV,130042.75
56127,New,2018,IV,80531.6667
56127,New,2018,IV,80531.6667
36293903,New,2019,IV,85780.9416
54451,New,2019,IV,75706.6806
53259,New,2017,IV,189500.0
36518738,New,2019,IV,85805.309
36279918,New,2018,IV,162052.5
30016700,New,2019,IV,91310.1705
36279857,New,2019,IV,86620.7263
22266,New,2019,IV,171604.1538
36310230,New,2018,IV,104192.8
32885,New,2018,IV,108795.0
21872,New,2018,IV,101557.0
21811,New,2018,IV,79208.0
21719,New,2019,IV,88269.1351
21247,New,2019,IV,155638.7778
36279867,New,2018,IV,184245.0
36291475,New,2019,IV,84339.6337
30005,New,2018,IV,122282.6667
36279958,New,2019,IV,100018.2705
53407,New,2018,IV,149177.5
36279958,New,2019,IV,100018.2705
21930,New,2017,IV,111725.0
36279866,New,2019,IV,130959.4059
20595,New,2019,IV,96858.4432
21814,New,2018,IV,86416.6667
20567,New,2018,IV,142545.0
56127,New,2019,IV,101937.5714
36279857,New,2018,IV,87382.0
33023,New,2019,IV,115454.4595
21371,New,2018,IV,93550.5
21381,New,2019,IV,83996.0972
58107,New,2020,IV,83983.0
21177,New,2019,IV,142996.6667
36630848,New,2019,IV,83981.2971
21066,New,2019,IV,86997.681
58107,New,2018,IV,85701.75
36310230,New,2019,IV,78619.902
22045,New,2020,IV,78232.5
47273,New,2019,IV,87697.0609
36279857,New,2019,IV,86620.7263
22312,New,2019,IV,79977.5
36448175,New,2019,IV,130663.3333
20567,New,2019,IV,154032.0448
22266,New,2020,IV,91140.8611
21872,New,2018,IV,101557.0
36279861,New,2017,IV,131465.0
21906,New,2019,IV,121042.6337
35346517,New,2018,IV,99326.75
21371,New,2019,IV,97663.0
21685,New,2018,IV,119625.0
21906,New,2019,IV,121042.6337
58570,New,2019,IV,97115.0
36294682,New,2020,IV,160357.0588
36323063,New,2019,IV,124678.8
36518738,New,2019,IV,85805.309
36308693,New,2020,IV,81813.0
36310230,New,2018,IV,104192.8
53259,New,2017,IV,189500.0
21204,New,2018,IV,152750.0
54449,New,2018,IV,150584.3571
34226822,New,2019,IV,95766.7231
36279886,New,2019,IV,101335.6548
36279857,New,2019,IV,86620.7263
56068,New,2019,IV,168450.5932
21066,New,2020,IV,98788.3333
36279886,New,2018,IV,97693.8333
33796915,New,2018,IV,101401.2667
36291475,New,2018,IV,87289.0
33796915,New,2018,IV,101401.2667
36279918,New,2019,IV,163049.3333
56127,New,2018,IV,80531.6667
36630848,New,2019,IV,83981.2971
36436821,New,2019,IV,125258.6778
22045,New,2020,IV,78232.5
58570,New,2019,IV,97115.0
22312,New,2019,IV,79977.5
53407,New,2018,IV,149177.5
36293903,New,2018,IV,97938.2727
21811,New,2020,IV,103800.6667
21381,New,2018,IV,81910.75
56127,New,2019,IV,101937.5714
30038753,New,2019,IV,89414.4
36279857,New,2019,IV,86620.7263
36293903,New,2018,IV,97938.2727
21081,New,2020,IV,92324.3333
21811,New,2018,IV,79208.0
35346517,New,2019,IV,87593.25
21811,New,2020,IV,103800.6667
36283532,New,2017,IV,137900.0
36279865,New,2019,IV,121877.4895
20791,New,2019,IV,92082.152
36436821,New,2019,IV,125258.6778
30023481,New,2019,IV,80851.7037
36362574,New,2019,IV,80704.2989
20567,New,2018,IV,142545.0
36310238,New,2019,IV,90067.7373
33796915,New,2019,IV,102079.3214
21685,New,2019,IV,101994.7353
36279890,New,2019,IV,121040.2808
30023481,New,2019,IV,80851.7037
36574457,New,2019,IV,96377.931
36721091,New,2019,IV,114839.9722
21811,New,2019,IV,88603.6042
21204,New,2018,IV,152750.0
30000114,New,2020,IV,144218.6538
30038753,New,2016,IV,82594.0
58107,New,2020,IV,83983.0
36303139,New,2019,IV,79490.6508
36302758,New,2019,IV,179188.0
58570,New,2019,IV,97115.0
21381,New,2019,IV,83996.0972
36279867,New,2019,IV,175300.7744
30038753,New,2019,IV,89414.4
21814,New,2019,IV,116587.2727
21685,New,2017,IV,103750.0
21197,New,2019,IV,87937.5161
21381,New,2018,IV,81910.75
56127,New,2019,IV,101937.5714
47273,New,2019,IV,87697.0609
52547,New,2019,IV,112378.0
53259,New,2017,IV,189500.0
36302758,New,2019,IV,179188.0
56307,New,2020,IV,78215.0
36323063,New,2019,IV,124678.8
36323063,New,2019,IV,124678.8
54451,New,2019,IV,75706.6806
36308693,New,2020,IV,81813.0
36323088,New,2019,IV,163682.0
20791,New,2019,IV,92082.152
30038753,New,2016,IV,82594.0
58570,New,2019,IV,97115.0
30005,New,2018,IV,122282.6667
47273,New,2019,IV,87697.0609
53259,New,2017,IV,189500.0
53259,New,2017,IV,189500.0
36279890,New,2018,IV,117690.0
32885,New,2018,IV,108795.0
21381,New,2018,IV,81910.75
57327,New,2016,IV,78345.0
36279886,New,2018,IV,97693.8333
21719,New,2019,IV,88269.1351
20625,New,2018,IV,161195.0
34293165,New,2019,IV,88797.0108
33023,New,2019,IV,115454.4595
30023481,New,2019,IV,80851.7037
30001954,New,2019,IV,78653.75
30023481,New,2019,IV,80851.7037
33023,New,2019,IV,115454.4595
21811,New,2019,IV,88603.6042
36279864,New,2019,IV,80298.2955
36291475,New,2019,IV,84339.6337
20539,New,2019,IV,95170.3333
21371,New,2019,IV,97663.0
36714589,New,2019,IV,167873.6257
36518738,New,2019,IV,85805.309
43143,New,2019,IV,80653.974
36388217,New,2019,IV,82170.8278
30000114,New,2018,IV,150431.5
34226822,New,2019,IV,95766.7231
36310238,New,2018,IV,79297.5
43143,New,2019,IV,80653.974
34226822,New,2019,IV,95766.7231
53407,New,2018,IV,149177.5
35967,Used,2013,I,10495.0
49843,Used,2013,I,12372.875
47275,Used,2017,I,10334.0
21183,Used,2014,I,12877.4
21758,Used,2014,I,11264.1364
20303,Used,2016,I,13491.0698
30032338,Used,2016,I,14767.3667
43344,Used,2014,I,12844.875
47563,Used,2013,I,13462.037
52670,Used,2016,I,14515.4
51006,Used,2014,I,13243.4
47568,Used,2013,I,8936.2727
49403,Used,2015,I,11913.9474
21828,Used,2015,I,11498.0
22191,Used,2013,I,11718.5263
21828,Used,2014,I,8423.0
20303,Used,2017,I,14488.5
20483,Used,2015,I,10234.25
52109,Used,2018,I,12336.5
26504,Used,2013,I,12566.5
42324,Used,2018,I,13084.9375
46183,Used,2014,I,12999.0
21766,Used,2014,I,10291.8636
21128,Used,2015,I,13119.5
35025,Used,2014,I,10408.0
35025,Used,2013,I,11815.8462
50903,Used,2013,I,14748.2
30003493,Used,2016,I,14247.5
27681,Used,2013,I,14730.0
21766,Used,2015,I,11914.32
27321,Used,2015,I,13721.1154
26509,Used,2013,I,14005.6667
35969,Used,2015,I,10407.1667
21221,Used,2016,II,22882.6452
22310,Used,2017,II,28599.0
47843,Used,2016,II,16830.575
36279957,Used,2018,II,29417.7143
43344,Used,2018,II,18107.75
20807,Used,2018,II,20698.6667
22382,Used,2013,II,23203.4
52192,Used,2015,II,25234.2
51868,Used,2016,II,15525.0
35963,Used,2015,II,25603.4615
58489,Used,2018,II,28015.0833
35964,Used,2017,II,22981.625
20591,Used,2018,II,26679.0
48704,Used,2014,II,15151.1923
21355,Used,2018,II,21895.25
21027,Used,2017,II,25052.1429
36318180,Used,2019,V,263537.2857
36298053,New,2019,V,253397.2857
52728,New,2017,V,221200.0
36298053,New,2017,V,254439.0
37363,New,2019,V,275583.0
57448,Used,2015,V,1165178.7
48063,Used,2014,V,223329.3
52728,New,2017,V,221200.0
21680,New,2019,V,353756.6667
36302758,Used,2017,V,278519.2353
56867,Used,2019,V,204560.0
30002053,Used,2014,V,361175.0
21768,Used,2013,V,213796.0
36712387,Used,2018,V,242282.0
36712293,Used,2019,V,214844.0833
21778,New,2020,V,208088.0286
52656,New,2018,V,449225.0
52427,Used,2015,V,252754.4444
52728,New,2019,V,919776.0
36279814,New,2019,V,266128.3333
36279814,New,2019,V,266128.3333
52728,New,2018,V,561333.5
36279814,New,2017,V,253312.5
36298053,New,2019,V,253397.2857
36298053,New,2017,V,254439.0
52427,Used,2013,V,232233.5
56531,Used,2014,V,212107.0
36318180,Used,2017,V,214260.1111
35331199,Used,2017,V,258314.0
52427,Used,2014,V,238730.0
35331199,Used,2018,V,273250.8
52728,New,2017,V,221200.0
36318180,Used,2019,V,263537.2857
20957,New,2019,V,352013.0435
36298053,Used,2019,V,265501.0
52728,New,2019,V,919776.0
52656,Used,2018,V,279900.0
36348301,New,2019,V,212702.2727
35331199,Used,2019,V,264521.375
36298053,New,2019,V,253397.2857
36298053,New,2019,V,253397.2857
52656,Used,2018,V,279900.0
36298053,New,2018,V,247683.1538
33535058,New,2018,V,219362.5
30002053,Used,2014,V,361175.0
36279814,New,2019,V,266128.3333
52728,New,2018,V,561333.5
52728,Used,2017,V,212444.0
36348301,New,2019,V,212702.2727
36298053,New,2018,V,247683.1538
42843,Used,2014,V,294472.1304
20957,New,2019,V,352013.0435
52728,New,2019,V,919776.0
36348301,New,2019,V,212702.2727
42843,Used,2015,V,257799.0
52728,New,2018,V,561333.5
35331199,Used,2017,V,248943.4571
36279814,New,2017,V,253312.5
21772,Used,2013,V,213252.1667
35331199,Used,2017,V,258314.0
36298053,New,2018,V,247683.1538
36298053,New,2019,V,253397.2857
56867,Used,2018,V,233799.2381
36604794,Used,2018,V,387848.0
36279814,New,2019,V,266128.3333
53407,New,2017,V,215420.0
52728,New,2017,V,221200.0
36298053,New,2018,V,247683.1538
56531,Used,2014,V,212107.0
20957,New,2019,V,352013.0435
36712387,Used,2018,V,242282.0
42843,Used,2018,V,375985.3077
35331199,Used,2017,V,248943.4571
36298053,New,2018,V,247683.1538
48063,Used,2015,V,447575.5
21772,Used,2013,V,213252.1667
42843,Used,2018,V,375985.3077
36299623,Used,2017,V,219500.0
56531,Used,2014,V,212107.0
36604794,Used,2019,V,323983.5714
36298053,New,2019,V,253397.2857
36302758,Used,2019,V,313930.6667
36298053,New,2017,V,254439.0
40083,Used,2015,V,238495.4444
52728,New,2017,V,221200.0
36348301,New,2019,V,212702.2727
36279814,New,2017,V,253312.5
36298053,New,2019,V,253397.2857
30002053,Used,2015,V,398776.0
36302758,Used,2019,V,354283.8
36298053,New,2019,V,253397.2857
37363,New,2019,V,275583.0
56531,Used,2016,V,277952.25
36298053,New,2019,V,253397.2857
48063,Used,2014,V,223329.3
33535058,New,2018,V,219362.5
21724,Used,2016,V,294990.0
36298053,New,2019,V,253397.2857
36290351,Used,2019,V,206964.0526
20957,New,2019,V,352013.0435
36604794,Used,2019,V,414911.875
52427,Used,2017,V,598616.0667
36348301,New,2019,V,212702.2727
36712387,Used,2018,V,279150.0
36279814,New,2017,V,253312.5
36318180,Used,2018,V,252654.0909
56531,Used,2016,V,277952.25
30002053,Used,2015,V,398776.0
52656,Used,2019,V,398888.0
36348301,New,2019,V,212702.2727
56531,Used,2014,V,218990.0
52728,New,2019,V,919776.0
36298053,New,2018,V,247683.1538
36279814,New,2017,V,253312.5
52728,New,2018,V,561333.5
52728,New,2018,V,561333.5
33676107,Used,2014,V,2526800.0
52427,Used,2016,V,448900.0
52728,New,2018,V,561333.5
36302758,Used,2018,V,281162.3273
34281190,Used,2016,V,261613.0
36298053,New,2017,V,254439.0
37363,New,2019,V,275583.0
35331199,Used,2016,V,226056.0
52728,New,2019,V,919776.0
36318180,Used,2019,V,263537.2857
36298053,Used,2019,V,218605.6667
40083,Used,2014,V,238070.7143
30002053,Used,2014,V,361175.0
36318180,Used,2019,V,263537.2857
36298053,New,2019,V,253397.2857
42843,Used,2017,V,329736.0
42843,Used,2016,V,287053.25
36348301,New,2019,V,212702.2727
20957,New,2019,V,352013.0435
36298053,New,2017,V,254439.0
36298053,New,2018,V,247683.1538
21768,Used,2014,V,304916.6667
36604794,Used,2018,V,387848.0
35331199,Used,2017,V,258314.0
33676107,Used,2015,V,3600000.0
36712293,Used,2019,V,214844.0833
52427,Used,2017,V,598616.0667
40083,Used,2014,V,238070.7143
52728,Used,2017,V,212444.0
36298053,New,2019,V,253397.2857
36298053,New,2017,V,254439.0
36290354,Used,2018,V,216893.5
36302758,Used,2018,V,318909.8
21724,Used,2013,V,234370.5
36298053,New,2017,V,254439.0
52427,Used,2017,V,414448.5
52427,Used,2016,V,448900.0
56531,Used,2014,V,212107.0
36298053,New,2019,V,253397.2857
36279814,New,2017,V,253312.5
36298053,New,2019,V,253397.2857
52427,Used,2017,V,598616.0667
56531,Used,2016,V,277952.25
52728,New,2019,V,919776.0
20957,New,2019,V,352013.0435
36604794,Used,2018,V,374503.0526
52427,Used,2017,V,598616.0667
52728,New,2017,V,221200.0
36298053,New,2019,V,253397.2857
20768,Used,2018,V,240337.8
34281190,Used,2018,V,222589.7778
36302758,Used,2018,V,281162.3273
36604794,Used,2019,V,414911.875
35331199,Used,2016,V,246341.4545
36298053,New,2018,V,247683.1538
52427,Used,2017,V,598616.0667
36302758,Used,2018,V,281162.3273
56531,New,2018,V,535540.0
40083,Used,2014,V,238070.7143
52728,Used,2017,V,212444.0
36043,Used,2015,V,319937.5
52656,Used,2019,V,398888.0
52728,New,2018,V,561333.5
36279814,New,2019,V,266128.3333
52427,Used,2017,V,414448.5
52728,New,2019,V,919776.0
52427,Used,2016,V,270583.6154
42843,Used,2013,V,286457.3333
52728,Used,2018,V,396255.8889
48063,Used,2014,V,223329.3
56531,New,2018,V,535540.0
36279814,New,2019,V,266128.3333
56531,Used,2014,V,218990.0
52728,Used,2018,V,396255.8889
36298053,New,2017,V,254439.0
56531,New,2018,V,535540.0
20957,New,2019,V,352013.0435
36298053,New,2018,V,247683.1538
35331199,Used,2017,V,248943.4571
36298053,New,2019,V,253397.2857
37363,New,2019,V,275583.0
35331199,Used,2018,V,273250.8
20957,Used,2019,V,347589.0
36712387,Used,2018,V,279150.0
56531,Used,2013,V,213252.1667
52728,New,2017,V,221200.0
20957,New,2019,V,352013.0435
36712387,Used,2018,V,242282.0
20957,Used,2019,V,347589.0
52728,New,2017,V,221200.0
36298053,New,2017,V,254439.0
37363,New,2019,V,275583.0
52656,New,2018,V,449225.0
35331199,Used,2019,V,264521.375
36302758,Used,2016,V,284696.25
36043,Used,2015,V,319937.5
36279814,New,2019,V,266128.3333
35331199,Used,2019,V,289923.75
36290354,Used,2018,V,216893.5
56531,Used,2019,V,214108.3333
36299623,Used,2017,V,205745.2941
21778,New,2020,V,208088.0286
36604794,Used,2019,V,323983.5714
36298053,New,2017,V,254439.0
36298053,New,2018,V,247683.1538
34281190,Used,2016,V,230860.7586
35331199,Used,2018,V,271736.7941
36318180,Used,2019,V,263537.2857
36318180,Used,2018,V,276738.6111
36298053,New,2019,V,253397.2857
36318180,Used,2019,V,271598.3333
36298053,New,2019,V,253397.2857
20957,New,2019,V,352013.0435
36279814,New,2017,V,253312.5
21768,Used,2013,V,213796.0
37363,New,2019,V,275583.0
52728,New,2019,V,919776.0
36302758,Used,2018,V,318909.8
21778,New,2020,V,208088.0286
36298053,New,2019,V,253397.2857
52728,New,2017,V,221200.0
53407,New,2017,V,215420.0
36298053,New,2017,V,254439.0
36318180,Used,2018,V,276738.6111
21724,Used,2016,V,310118.4
52728,New,2017,V,221200.0
20957,New,2019,V,352013.0435
54427,Used,2014,V,333848.1429
56531,Used,2016,V,277952.25
30002053,Used,2014,V,363348.3333
48063,Used,2015,V,447575.5
20957,Used,2019,V,344899.5
36302758,Used,2019,V,313930.6667
36298053,New,2019,V,253397.2857
36298053,New,2019,V,253397.2857
52427,Used,2015,V,252754.4444
36640811,Used,2019,V,389991.0
36302758,Used,2017,V,297802.2
52427,Used,2013,V,232233.5
21680,New,2019,V,353756.6667
56867,Used,2016,V,204611.1667
36298053,New,2018,V,247683.1538
20768,Used,2018,V,240337.8
21680,New,2018,V,224665.8333
21768,Used,2016,V,395500.0
48063,Used,2014,V,221400.0
36302758,Used,2019,V,354283.8
20957,New,2019,V,352013.0435
36298053,New,2018,V,247683.1538
36302758,Used,2016,V,284696.25
52728,Used,2017,V,212444.0
36318180,Used,2017,V,214260.1111
48063,Used,2014,V,221400.0
52728,New,2019,V,919776.0
36298053,New,2018,V,247683.1538
36298053,New,2018,V,247683.1538
56531,New,2018,V,535540.0
52427,Used,2014,V,238730.0
36298053,Used,2019,V,218605.6667
52728,New,2018,V,561333.5
42843,Used,2016,V,287053.25
52656,Used,2019,V,398888.0
52656,Used,2017,V,273490.5
37363,New,2019,V,275583.0
36279814,New,2017,V,253312.5
20957,New,2019,V,352013.0435
36298053,New,2017,V,254439.0
52728,New,2017,V,221200.0
35331199,Used,2017,V,258314.0
37363,New,2019,V,275583.0
52728,New,2017,V,221200.0
36712293,Used,2019,V,214844.0833
52728,New,2018,V,561333.5
21768,Used,2016,V,395500.0
36279814,New,2019,V,266128.3333
34281190,Used,2017,V,259944.4615
36043,Used,2015,V,319937.5
36302758,Used,2019,V,313930.6667
36298053,New,2018,V,247683.1538
37363,New,2019,V,275583.0
36298053,New,2017,V,254439.0
37363,New,2019,V,275583.0
36299623,Used,2017,V,219500.0
52728,New,2017,V,221200.0
20957,New,2019,V,352013.0435
36302758,Used,2017,V,297802.2
36640811,Used,2019,V,389991.0
36604794,Used,2019,V,323983.5714
36712387,Used,2018,V,242282.0
33535058,New,2018,V,219362.5
56531,Used,2013,V,213252.1667
36302758,Used,2019,V,313930.6667
36712387,Used,2018,V,279150.0
52728,New,2019,V,919776.0
52728,New,2017,V,221200.0
36298053,New,2018,V,247683.1538
36290351,Used,2019,V,206964.0526
36279814,New,2019,V,266128.3333
36348301,New,2019,V,212702.2727
35331199,Used,2018,V,271736.7941
52656,Used,2017,V,204735.0
21724,Used,2016,V,294990.0
56531,Used,2014,V,218990.0
48063,Used,2015,V,447575.5
31863,Used,2018,V,288786.0
52728,Used,2018,V,227921.875
37363,New,2019,V,275583.0
52427,Used,2016,V,448900.0
35331199,Used,2017,V,248943.4571
21680,Used,2018,V,306015.6667
52427,Used,2014,V,238730.0
20957,New,2019,V,352013.0435
52728,New,2018,V,561333.5
36279814,New,2017,V,253312.5
37363,New,2019,V,275583.0
20768,Used,2018,V,240337.8
37363,New,2019,V,275583.0
36298053,New,2017,V,254439.0
42843,Used,2014,V,294472.1304
52728,New,2019,V,919776.0
36302758,Used,2019,V,313930.6667
21768,Used,2013,V,213796.0
36279814,New,2017,V,253312.5
33676107,Used,2014,V,2526800.0
20957,New,2019,V,352013.0435
36298053,New,2018,V,247683.1538
56531,Used,2013,V,213252.1667
52728,New,2019,V,919776.0
48063,Used,2014,V,223329.3
20957,New,2019,V,352013.0435
36712293,Used,2019,V,214844.0833
37363,New,2019,V,275583.0
36279814,New,2019,V,266128.3333
36279814,New,2017,V,253312.5
52728,New,2017,V,221200.0
54427,Used,2014,V,333848.1429
36298053,New,2017,V,254439.0
36348301,New,2019,V,212702.2727
36279814,New,2019,V,266128.3333
56531,Used,2014,V,212107.0
40083,Used,2015,V,249920.0
36298053,New,2017,V,254439.0
36629010,Used,2019,V,230407.6316
36302758,Used,2018,V,281162.3273
36279814,New,2019,V,266128.3333
52728,New,2017,V,221200.0
36279814,New,2017,V,253312.5
36296923,New,2018,V,223710.0
20957,New,2019,V,352013.0435
40083,Used,2015,V,238495.4444
36298053,New,2019,V,253397.2857
36318180,Used,2019,V,271598.3333
52728,New,2018,V,561333.5
52728,New,2018,V,561333.5
56531,Used,2016,V,277952.25
36298053,New,2017,V,254439.0
36604794,Used,2018,V,387848.0
36298053,New,2018,V,247683.1538
37363,New,2019,V,275583.0
36298053,New,2018,V,247683.1538
37363,New,2019,V,275583.0
21724,Used,2015,V,289530.4
36302758,Used,2017,V,278519.2353
36298053,New,2019,V,253397.2857
36712293,Used,2019,V,214844.0833
52728,New,2018,V,561333.5
52427,Used,2014,V,238730.0
52427,Used,2016,V,270583.6154
52656,Used,2016,V,200992.6667
35331199,Used,2018,V,271736.7941
36318180,Used,2017,V,214260.1111
52427,Used,2017,V,598616.0667
20957,New,2019,V,352013.0435
36279814,New,2019,V,266128.3333
21680,New,2018,V,224665.8333
52427,Used,2017,V,414448.5
56531,Used,2016,V,277952.25
36712293,Used,2019,V,257566.6667
37363,New,2019,V,275583.0
52728,New,2017,V,221200.0
52728,New,2019,V,919776.0
52728,New,2019,V,919776.0
52728,New,2017,V,221200.0
52728,New,2017,V,221200.0
20957,New,2019,V,352013.0435
36298053,New,2018,V,247683.1538
33676107,Used,2014,V,2526800.0
48063,Used,2014,V,221400.0
36298053,New,2018,V,247683.1538
36302758,Used,2018,V,281162.3273
20957,New,2019,V,352013.0435
20957,New,2019,V,352013.0435
52427,Used,2017,V,414448.5
37363,New,2019,V,275583.0
40083,Used,2015,V,238495.4444
48063,Used,2014,V,221400.0
52728,New,2017,V,221200.0
21724,Used,2015,V,289530.4
36318180,Used,2019,V,271598.3333
30002053,Used,2014,V,361175.0
36299623,Used,2017,V,219500.0
52728,New,2018,V,561333.5
36640811,Used,2019,V,219177.3077
52427,Used,2016,V,448900.0
21724,Used,2015,V,289530.4
21724,Used,2014,V,282876.7143
36712293,Used,2019,V,214844.0833
36318180,Used,2017,V,214260.1111
21768,Used,2015,V,281223.0
52728,New,2019,V,919776.0
36640811,Used,2019,V,219177.3077
36318180,Used,2019,V,263537.2857
36299623,Used,2017,V,205745.2941
56531,Used,2019,V,214108.3333
36298053,New,2018,V,247683.1538
36299623,Used,2017,V,205745.2941
36299623,Used,2017,V,219500.0
30002053,Used,2014,V,361175.0
37363,New,2019,V,275583.0
36302758,Used,2016,V,284696.25
42843,Used,2014,V,294472.1304
36298053,New,2018,V,247683.1538
20957,New,2019,V,352013.0435
36318180,Used,2019,V,263537.2857
21772,Used,2013,V,213252.1667
52728,New,2019,V,919776.0
48063,Used,2013,V,212933.3333
36298053,New,2017,V,254439.0
52728,New,2019,V,919776.0
34281190,Used,2019,V,313623.4286
36348301,New,2019,V,212702.2727
52656,Used,2017,V,204735.0
56867,Used,2019,V,204560.0
35331199,Used,2018,V,271736.7941
52728,New,2017,V,221200.0
36318180,Used,2017,V,262869.8889
37363,New,2019,V,275583.0
56531,Used,2016,V,277952.25
35331199,Used,2017,V,258314.0
36298053,Used,2019,V,265501.0
20957,New,2019,V,352013.0435
52427,Used,2015,V,247331.4737
21724,Used,2016,V,310118.4
40083,Used,2014,V,238070.7143
36279814,New,2017,V,253312.5
52728,New,2017,V,221200.0
34281190,Used,2016,V,230860.7586
40083,Used,2015,V,238495.4444
36298053,New,2017,V,254439.0
36302758,Used,2018,V,318909.8
37363,New,2019,V,275583.0
36712387,Used,2018,V,279150.0
36640811,Used,2019,V,219177.3077
20957,Used,2019,V,347589.0
36298053,New,2017,V,254439.0
36298053,New,2017,V,254439.0
30002053,Used,2015,V,398776.0
35331199,Used,2019,V,289923.75
33676107,Used,2014,V,2526800.0
36302758,Used,2018,V,281162.3273
35331199,Used,2018,V,271736.7941
36323088,New,2018,V,204397.6
21724,Used,2013,V,234370.5
36318180,Used,2017,V,262869.8889
52656,Used,2017,V,204735.0
56867,Used,2016,V,204611.1667
52728,New,2017,V,221200.0
21680,New,2018,V,224665.8333
36318180,Used,2017,V,262869.8889
52656,Used,2017,V,204735.0
36298053,New,2017,V,254439.0
35331199,Used,2018,V,271736.7941
52728,Used,2018,V,227921.875
52656,Used,2017,V,204735.0
36279814,New,2017,V,253312.5
36298053,New,2018,V,247683.1538
52728,New,2019,V,919776.0
34281190,Used,2016,V,261613.0
36348301,New,2019,V,212702.2727
57448,Used,2015,V,1165178.7
37363,New,2019,V,275583.0
42843,Used,2016,V,287053.25
36299623,Used,2018,V,223234.5
36279814,New,2019,V,266128.3333
